2,1,2,1,2,Village
3,1,2,1,2,Village
4,1,2,1,2,Village
5,1,2,1,2,Village
6,1,2,1,2,Village
7,1,2,1,2,Village
8,1,2,1,2,Village
9,1,2,1,2,Village
10,1,2,1,2,Village
11,1,2,1,2,Village
12,1,2,1,2,Village
13,1,2,1,2,Village
14,1,2,1,2,Village
15,1,2,1,2,Village
16,1,2,1,2,Village
17,1,2,1,2,Village
18,1,2,1,2,Village
19,1,2,1,2,Village
20,1,2,1,2,Village
21,1,2,1,2,Village
22,1,2,1,2,Village
23,1,2,1,2,Village
24,1,2,1,2,Village
25,1,2,1,2,Village
26,1,2,1,2,Village
27,1,2,1,2,Village
28,1,2,1,2,Village
29,1,2,1,2,Village
30,1,2,1,2,Village
31,1,2,1,2,Village
32,1,3,1,2,Village
33,1,3,1,2,Village
34,1,3,1,2,Village
35,1,3,1,2,Village
36,1,3,1,2,Village
37,1,3,1,2,Village
38,1,3,1,2,Village
39,1,3,1,2,Village
40,1,3,1,2,Village
41,1,3,1,2,Village
42,1,3,1,2,Village
43,1,3,1,2,Village
44,1,3,1,2,Village
45,1,3,1,2,Village
46,1,3,1,2,Village
47,1,3,1,2,Village
48,1,3,1,2,Village
49,1,3,1,2,Village
50,1,3,1,2,Village
51,1,3,1,2,Village
52,1,3,1,2,Village
53,1,3,1,2,Village
54,1,3,1,2,Village
55,1,3,1,2,Village
56,1,3,1,2,Village
57,1,3,1,2,Village
58,1,4,1,2,Village
59,1,4,1,2,Village
60,1,4,1,2,Village
61,1,4,1,2,Village
62,1,4,1,2,Village
63,1,4,1,2,Village
64,1,4,1,2,Village
65,1,4,1,2,Village
66,1,4,1,2,Village
67,1,4,1,2,Village
68,1,4,1,2,Village
69,1,4,1,2,Village
70,1,4,1,2,Village
71,1,4,1,2,Village
72,1,4,1,2,Village
73,1,4,1,2,Village
74,1,4,1,2,Village
75,1,4,1,2,Village
76,1,4,1,2,Village
77,1,4,1,2,Village
78,1,4,1,2,Village
79,1,4,1,2,Village
80,1,4,1,2,Village
81,1,4,1,2,Village
82,1,4,1,2,Village
83,1,4,1,2,Village
84,1,5,1,2,Village
85,1,5,1,2,Village
86,1,5,1,2,Village
87,1,5,1,2,Village
88,1,5,1,2,Village
89,1,5,1,2,Village
90,1,5,1,2,Village
91,1,5,1,2,Village
92,1,5,1,2,Village
93,1,5,1,2,Village
94,1,6,1,3,Village
95,1,6,1,3,Village
96,1,6,1,3,Village
97,1,6,1,3,Village
98,1,6,1,3,Village
99,1,6,1,3,Village
100,1,7,1,3,Village
101,1,7,1,3,Village
102,1,7,1,3,Village
103,1,7,1,3,Village
104,1,7,1,3,Village
105,1,7,1,3,Village
106,1,7,1,3,Village
107,1,7,1,3,Village
108,1,7,1,3,Village
109,1,7,1,3,Village
110,1,7,1,3,Village
111,1,7,1,3,Village
112,1,7,1,3,Village
113,1,7,1,3,Village
114,1,7,1,3,Village
115,1,8,1,3,Village
116,1,8,1,3,Village
117,1,8,1,3,Village
118,1,8,1,3,Village
119,1,8,1,3,Village
120,1,8,1,3,Village
121,1,8,1,3,Village
122,1,8,1,3,Village
123,1,8,1,3,Village
124,1,8,1,3,Village
125,1,8,1,3,Village
126,1,8,1,3,Village
127,1,9,2,3,Village
128,1,9,2,3,Village
129,1,9,2,3,Village
130,1,9,2,3,Village
131,1,9,2,3,Village
132,1,9,2,3,Village
133,1,9,2,3,Village
134,1,9,2,3,Village
135,1,9,2,3,Village
136,1,9,2,3,Village
137,1,9,2,3,Village
138,1,9,2,3,Village
139,1,9,2,3,Village
140,1,9,2,3,Village
141,1,9,2,3,Village
142,1,9,2,3,Village
143,1,9,2,3,Village
144,1,9,2,3,Village
145,1,10,1,3,Village
146,1,10,1,3,Village
147,1,10,1,3,Village
148,1,10,1,3,Village
149,1,10,1,3,Village
150,1,10,1,3,Village
151,1,10,1,3,Village
152,1,11,1,3,Village
153,1,11,1,3,Village
154,1,11,1,3,Village
155,1,11,1,3,Village
156,1,11,1,3,Village
157,1,11,1,3,Village
158,1,11,1,3,Village
159,1,12,1,3,Village
160,1,12,1,3,Village
161,1,12,1,3,Village
162,1,12,1,3,Village
163,1,12,1,3,Village
164,1,12,1,3,Village
165,1,12,1,3,Village
166,1,13,2,3,Village
167,1,13,2,3,Village
168,1,13,2,3,Village
169,1,13,2,3,Village
170,1,13,2,3,Village
171,1,13,2,3,Village
172,1,13,2,3,Village
173,1,13,2,3,Village
174,1,13,2,3,Village
175,1,13,2,3,Village
176,1,13,2,3,Village
177,1,13,2,3,Village
178,1,14,1,3,Village
179,1,14,1,3,Village
180,1,14,1,3,Village
181,1,14,1,3,Village
182,1,14,1,3,Village
183,1,15,2,3,Village
184,1,15,2,3,Village
185,1,15,2,3,Village
186,1,15,2,3,Village
187,1,15,2,3,Village
188,1,15,2,3,Village
189,1,15,2,3,Village
190,1,15,2,3,Village
191,1,15,2,3,Village
192,1,15,2,3,Village
193,1,15,2,3,Village
194,1,15,2,3,Village
195,1,15,2,3,Village
196,1,15,2,3,Village
197,1,15,2,3,Village
198,1,15,2,3,Village
199,1,15,2,3,Village
200,1,16,1,3,Village
201,1,16,1,3,Village
202,1,16,1,3,Village
203,1,16,1,3,Village
204,1,16,1,3,Village
205,1,16,1,3,Village
206,1,16,1,3,Village
207,1,16,1,3,Village
208,1,16,1,3,Village
209,1,16,1,3,Village
210,1,16,1,3,Village
211,1,16,1,3,Village
212,1,16,1,3,Village
213,1,16,1,3,Village
214,1,16,1,3,Village
215,1,16,1,3,Village
216,1,16,1,3,Village
217,1,16,1,3,Village
218,1,17,3,4,Village
219,1,17,3,4,Village
220,1,17,3,4,Village
221,1,17,3,4,Village
222,1,17,3,4,Village
223,1,17,3,4,Village
224,1,17,3,4,Village
225,1,17,3,4,Village
226,1,17,3,4,Village
227,1,17,3,4,Village
228,1,18,1,4,Village
229,1,18,1,4,Village
230,1,18,1,4,Village
231,1,18,1,4,Village
232,1,18,1,4,Village
233,1,19,1,4,Village
234,1,19,1,4,Village
235,1,19,1,4,Village
236,1,19,1,4,Village
237,1,19,1,4,Village
238,1,19,1,4,Village
239,1,20,1,4,Village
240,1,20,1,4,Village
241,1,20,1,4,Village
242,1,20,1,4,Village
243,1,20,1,4,Village
244,1,21,1,4,Village
245,1,21,1,4,Village
246,1,21,1,4,Village
247,1,21,1,4,Village
248,1,21,1,4,Village
249,1,21,1,4,Village
250,1,21,1,4,Village
251,1,21,1,4,Village
252,1,21,1,4,Village
253,1,21,1,4,Village
254,1,21,1,4,Village
255,1,21,1,4,Village
256,1,21,1,4,Village
257,1,21,1,4,Village
258,1,21,1,4,Village
259,1,22,1,4,Village
260,1,22,1,4,Village
261,1,22,1,4,Village
262,1,22,1,4,Village
263,1,22,1,4,Village
264,1,22,1,4,Village
265,1,23,1,4,Village
266,1,23,1,4,Village
267,1,23,1,4,Village
268,1,23,1,4,Village
269,1,23,1,4,Village
270,1,23,1,4,Village
271,1,24,1,4,Village
272,1,24,1,4,Village
273,1,24,1,4,Village
274,1,24,1,4,Village
275,1,24,1,4,Village
276,1,25,3,4,Village
277,1,25,3,4,Village
278,1,25,3,4,Village
279,1,25,3,4,Village
280,1,25,3,4,Village
281,1,25,3,4,Village
282,1,25,3,4,Village
283,1,26,3,4,Village
284,1,26,3,4,Village
285,1,26,3,4,Village
286,1,26,3,4,Village
287,1,26,3,4,Village
288,1,26,3,4,Village
289,1,26,3,4,Village
290,1,26,3,4,Village
291,1,26,3,4,Village
292,1,26,3,4,Village
293,1,27,1,4,Village
294,1,27,1,4,Village
295,1,27,1,4,Village
296,1,27,1,4,Village
297,1,27,1,4,Village
298,1,27,1,4,Village
299,1,28,1,4,Village
300,1,28,1,4,Village
301,1,28,1,4,Village
302,1,28,1,4,Village
303,1,28,1,4,Village
304,1,28,1,4,Village
305,1,28,1,4,Village
306,1,28,1,4,Village
307,1,28,1,4,Village
308,1,28,1,4,Village
309,1,29,1,4,Village
310,1,29,1,4,Village
311,1,29,1,4,Village
312,1,29,1,4,Village
313,1,29,1,4,Village
314,1,29,1,4,Village
315,1,29,1,4,Village
316,1,29,1,4,Village
317,1,29,1,4,Village
318,1,29,1,4,Village
319,1,29,1,4,Village
320,1,29,1,4,Village
321,1,30,1,4,Village
322,1,30,1,4,Village
323,1,30,1,4,Village
324,1,30,1,4,Village
325,1,30,1,4,Village
326,1,30,1,4,Village
327,1,30,1,4,Village
328,1,30,1,4,Village
329,1,31,1,5,Village
330,1,31,1,5,Village
331,1,31,1,5,Village
332,1,31,1,5,Village
333,1,31,1,5,Village
334,1,31,1,5,Village
335,1,31,1,5,Village
336,1,31,1,5,Village
337,1,31,1,5,Village
338,1,31,1,5,Village
339,1,31,1,5,Village
340,1,31,1,5,Village
341,1,31,1,5,Village
342,1,31,1,5,Village
343,1,31,1,5,Village
344,1,31,1,5,Village
345,1,31,1,5,Village
346,1,31,1,5,Village
347,1,31,1,5,Village
348,1,31,1,5,Village
349,1,31,1,5,Village
350,1,31,1,5,Village
351,1,31,1,5,Village
352,1,31,1,5,Village
353,1,31,1,5,Village
354,1,32,1,5,Village
355,1,32,1,5,Village
356,1,32,1,5,Village
357,1,32,1,5,Village
358,1,32,1,5,Village
359,1,32,1,5,Village
360,1,32,1,5,Village
361,1,32,1,5,Village
362,1,32,1,5,Village
363,1,32,1,5,Village
364,1,32,1,5,Village
365,1,32,1,5,Village
366,1,32,1,5,Village
367,1,32,1,5,Village
368,1,32,1,5,Village
369,1,32,1,5,Village
370,1,32,1,5,Village
371,1,32,1,5,Village
372,1,32,1,5,Village
373,1,32,1,5,Village
374,1,32,1,5,Village
375,1,32,1,5,Village
376,1,32,1,5,Village
377,1,33,1,5,Village
378,1,33,1,5,Village
379,1,33,1,5,Village
380,1,33,1,5,Village
381,1,33,1,5,Village
382,1,33,1,5,Village
383,1,33,1,5,Village
384,1,34,1,5,Village
385,1,34,1,5,Village
386,1,34,1,5,Village
387,1,34,1,5,Village
388,1,34,1,5,Village
389,1,34,1,5,Village
390,1,34,1,5,Village
391,1,34,1,5,Village
392,1,34,1,5,Village
393,1,34,1,5,Village
394,1,34,1,5,Village
395,1,34,1,5,Village
396,1,34,1,5,Village
397,1,35,1,6,Village
398,1,35,1,6,Village
399,1,35,1,6,Village
400,1,35,1,6,Village
401,1,35,1,6,Village
402,1,35,1,6,Village
403,1,35,1,6,Village
404,1,35,1,6,Village
405,1,35,1,6,Village
406,1,35,1,6,Village
407,1,35,1,6,Village
408,1,35,1,6,Village
409,1,35,1,6,Village
410,1,35,1,6,Village
411,1,35,1,6,Village
412,1,35,1,6,Village
413,1,35,1,6,Village
414,1,35,1,6,Village
415,1,35,1,6,Village
416,1,35,1,6,Village
417,1,35,1,6,Village
418,1,36,1,6,Village
419,1,36,1,6,Village
420,1,36,1,6,Village
421,1,36,1,6,Village
422,1,36,1,6,Village
423,1,36,1,6,Village
424,1,36,1,6,Village
425,1,36,1,6,Village
426,1,36,1,6,Village
427,1,36,1,6,Village
428,1,36,1,6,Village
429,1,36,1,6,Village
430,1,36,1,6,Village
431,1,37,1,6,Village
432,1,37,1,6,Village
433,1,37,1,6,Village
434,1,37,1,6,Village
435,1,37,1,6,Village
436,1,37,1,6,Village
437,1,37,1,6,Village
438,1,37,1,6,Village
439,1,37,1,6,Village
440,1,37,1,6,Village
441,1,37,1,6,Village
442,1,37,1,6,Village
443,1,38,1,6,Village
444,1,38,1,6,Village
445,1,38,1,6,Village
446,1,38,1,6,Village
447,1,38,1,6,Village
448,1,38,1,6,Village
449,1,38,1,6,Village
450,1,38,1,6,Village
451,1,38,1,6,Village
452,1,38,1,6,Village
453,1,38,1,6,Village
454,1,38,1,6,Village
455,1,38,1,6,Village
456,1,38,1,6,Village
457,1,39,1,6,Village
458,1,39,1,6,Village
459,1,39,1,6,Village
460,1,39,1,6,Village
461,1,39,1,6,Village
462,1,39,1,6,Village
463,1,39,1,6,Village
464,1,39,1,6,Village
465,1,39,1,6,Village
466,1,39,1,6,Village
467,1,39,1,6,Village
468,1,39,1,6,Village
469,1,39,1,6,Village
470,1,39,1,6,Village
471,1,39,1,6,Village
472,1,39,1,6,Village
473,1,40,1,6,Village
474,1,40,1,6,Village
475,1,40,1,6,Village
476,1,40,1,6,Village
477,1,40,1,6,Village
478,1,40,1,6,Village
479,1,40,1,6,Village
480,1,40,1,6,Village
481,1,40,1,6,Village
482,1,40,1,6,Village
483,1,40,1,6,Village
484,1,40,1,6,Village
485,1,40,1,6,Village
486,1,40,1,6,Village
487,1,40,1,6,Village
488,1,41,1,7,Village
489,1,41,1,7,Village
490,1,41,1,7,Village
491,1,41,1,7,Village
492,1,41,1,7,Village
493,1,41,1,7,Village
494,1,41,1,7,Village
495,1,41,1,7,Village
496,1,41,1,7,Village
497,1,41,1,7,Village
498,1,41,1,7,Village
499,1,41,1,7,Village
500,1,41,1,7,Village
501,1,41,1,7,Village
502,1,41,1,7,Village
503,1,41,1,7,Village
504,1,41,1,7,Village
505,1,41,1,7,Village
506,1,41,1,7,Village
507,1,41,1,7,Village
508,1,41,1,7,Village
509,1,41,1,7,Village
510,1,41,1,7,Village
511,1,41,1,7,Village
512,1,41,1,7,Village
513,1,41,1,7,Village
514,1,41,1,7,Village
515,1,41,1,7,Village
516,1,41,1,7,Village
517,1,41,1,7,Village
518,1,41,1,7,Village
519,1,41,1,7,Village
520,1,41,1,7,Village
521,1,41,1,7,Village
522,1,41,1,7,Village
523,1,42,1,7,Village
524,1,42,1,7,Village
525,1,42,1,7,Village
526,1,42,1,7,Village
527,1,42,1,7,Village
528,1,42,1,7,Village
529,1,42,1,7,Village
530,1,42,1,7,Village
531,1,42,1,7,Village
532,1,43,1,7,Village
533,1,43,1,7,Village
534,1,43,1,7,Village
535,1,43,1,7,Village
536,1,43,1,7,Village
537,1,43,1,7,Village
538,1,43,1,7,Village
539,1,43,1,7,Village
540,1,43,1,7,Village
541,1,43,1,7,Village
542,1,43,1,7,Village
543,1,43,1,7,Village
544,1,43,1,7,Village
545,1,43,1,7,Village
546,1,43,1,7,Village
547,1,43,1,7,Village
548,1,43,1,7,Village
549,1,43,1,7,Village
550,1,43,1,7,Village
551,1,43,1,7,Village
552,1,43,1,7,Village
553,1,44,1,7,Village
554,1,44,1,7,Village
555,1,44,1,7,Village
556,1,44,1,7,Village
557,1,44,1,7,Village
558,1,44,1,7,Village
559,1,44,1,7,Village
560,1,44,1,7,Village
561,1,44,1,7,Village
562,1,44,1,7,Village
563,1,44,1,7,Village
564,1,44,1,7,Village
565,1,44,1,7,Village
566,1,44,1,7,Village
567,1,44,1,7,Village
568,1,44,1,7,Village
569,1,44,1,7,Village
570,1,44,1,7,Village
571,1,44,1,7,Village
572,1,44,1,7,Village
573,1,44,1,7,Village
574,1,44,1,7,Village
575,1,44,1,7,Village
576,1,44,1,7,Village
577,1,44,1,7,Village
578,1,44,1,7,Village
579,1,44,1,7,Village
580,1,44,1,7,Village
581,1,44,1,7,Village
582,1,44,1,7,Village
583,1,44,1,7,Village
584,1,44,1,7,Village
585,1,44,1,7,Village
586,1,44,1,7,Village
587,1,44,1,7,Village
588,1,44,1,7,Village
589,1,44,1,7,Village
590,1,44,1,7,Village
591,1,44,1,7,Village
592,1,44,1,7,Village
593,1,44,1,7,Village
594,1,44,1,7,Village
595,1,44,1,7,Village
596,1,44,1,7,Village
597,1,44,1,7,Village
598,1,44,1,7,Village
599,1,44,1,7,Village
600,1,45,1,7,Village
601,1,45,1,7,Village
602,1,45,1,7,Village
603,1,45,1,7,Village
604,1,45,1,7,Village
605,1,45,1,7,Village
606,1,45,1,7,Village
607,1,45,1,7,Village
608,1,45,1,7,Village
609,1,45,1,7,Village
610,1,45,1,7,Village
611,1,45,1,7,Village
612,1,45,1,7,Village
613,1,45,1,7,Village
614,1,45,1,7,Village
615,1,45,1,7,Village
616,1,45,1,7,Village
617,1,45,1,7,Village
618,1,45,1,7,Village
619,1,45,1,7,Village
620,1,45,1,7,Village
621,1,45,1,7,Village
622,1,45,1,7,Village
623,1,45,1,7,Village
624,1,45,1,7,Village
625,1,45,1,7,Village
626,1,45,1,7,Village
627,1,45,1,7,Village
628,1,45,1,7,Village
629,1,45,1,7,Village
630,1,45,1,7,Village
631,1,45,1,7,Village
632,1,45,1,7,Village
633,1,45,1,7,Village
634,1,45,1,7,Village
635,1,45,1,7,Village
636,1,45,1,7,Village
637,1,45,1,7,Village
638,1,45,1,7,Village
639,1,45,1,7,Village
640,1,45,1,7,Village
641,1,45,1,7,Village
642,1,45,1,7,Village
643,1,45,1,7,Village
644,1,45,1,7,Village
645,1,45,1,7,Village
646,1,45,1,7,Village
647,1,45,1,7,Village
648,1,45,1,7,Village
649,1,45,1,7,Village
650,1,45,1,7,Village
651,1,45,1,7,Village
652,1,45,1,7,Village
653,1,45,1,7,Village
654,1,45,1,7,Village
655,1,45,1,7,Village
656,1,45,1,7,Village
657,1,45,1,7,Village
658,1,45,1,7,Village
659,1,45,1,7,Village
660,1,45,1,7,Village
661,1,45,1,7,Village
662,1,45,1,7,Village
663,1,45,1,7,Village
664,1,45,1,7,Village
665,1,45,1,7,Village
666,1,45,1,7,Village
667,1,45,1,7,Village
668,1,46,1,7,Village
669,1,46,1,7,Village
670,1,46,1,7,Village
671,1,46,1,7,Village
672,1,46,1,7,Village
673,1,46,1,7,Village
674,1,46,1,7,Village
675,1,46,1,7,Village
676,1,46,1,7,Village
677,1,46,1,7,Village
678,1,46,1,7,Village
679,1,46,1,7,Village
680,1,46,1,7,Village
681,1,46,1,7,Village
682,1,46,1,7,Village
683,1,46,1,7,Village
684,1,46,1,7,Village
685,1,46,1,7,Village
686,1,46,1,7,Village
687,1,46,1,7,Village
688,1,46,1,7,Village
689,1,46,1,7,Village
690,1,46,1,7,Village
691,1,46,1,7,Village
692,1,46,1,7,Village
693,1,46,1,7,Village
694,1,46,1,7,Village
695,1,46,1,7,Village
696,1,46,1,7,Village
697,1,46,1,7,Village
698,1,46,1,7,Village
699,1,46,1,7,Village
700,1,46,1,7,Village
701,1,46,1,7,Village
702,1,46,1,7,Village
703,1,46,1,7,Village
704,1,46,1,7,Village
705,1,47,1,7,Village
706,1,47,1,7,Village
707,1,47,1,7,Village
708,1,47,1,7,Village
709,1,47,1,7,Village
710,1,47,1,7,Village
711,1,47,1,7,Village
712,1,47,1,7,Village
713,1,47,1,7,Village
714,1,47,1,7,Village
715,1,47,1,7,Village
716,1,47,1,7,Village
717,1,47,1,7,Village
718,1,47,1,7,Village
719,1,47,1,7,Village
720,1,47,1,7,Village
721,1,47,1,7,Village
722,1,47,1,7,Village
723,1,47,1,7,Village
724,1,47,1,7,Village
725,1,47,1,7,Village
726,1,47,1,7,Village
727,1,47,1,7,Village
728,1,48,1,7,Village
729,1,48,1,7,Village
730,1,48,1,7,Village
731,1,48,1,7,Village
732,1,48,1,7,Village
733,1,48,1,7,Village
734,1,48,1,7,Village
735,1,48,1,7,Village
736,1,48,1,7,Village
737,1,48,1,7,Village
738,1,48,1,7,Village
739,1,48,1,7,Village
740,1,48,1,7,Village
741,1,48,1,7,Village
742,1,48,1,7,Village
743,1,48,1,7,Village
744,1,48,1,7,Village
745,1,48,1,7,Village
746,1,48,1,7,Village
747,1,48,1,7,Village
748,1,48,1,7,Village
749,1,48,1,7,Village
750,1,48,1,7,Village
751,1,48,1,7,Village
752,1,48,1,7,Village
753,1,48,1,7,Village
754,1,48,1,7,Village
755,1,48,1,7,Village
756,1,48,1,7,Village
757,1,48,1,7,Village
758,1,48,1,7,Village
759,1,48,1,7,Village
760,1,48,1,7,Village
761,1,48,1,7,Village
762,1,48,1,7,Village
763,1,48,1,7,Village
764,1,48,1,7,Village
765,1,48,1,7,Village
766,1,48,1,7,Village
767,1,48,1,7,Village
768,1,48,1,7,Village
769,1,48,1,7,Village
770,1,48,1,7,Village
771,1,48,1,7,Village
772,1,48,1,7,Village
773,1,48,1,7,Village
774,1,48,1,7,Village
775,1,48,1,7,Village
776,1,48,1,7,Village
777,1,48,1,7,Village
778,1,48,1,7,Village
779,1,48,1,7,Village
780,1,48,1,7,Village
781,1,48,1,7,Village
782,1,48,1,7,Village
783,1,48,1,7,Village
784,1,49,1,8,Village
785,1,49,1,8,Village
786,1,49,1,8,Village
787,1,49,1,8,Village
788,1,49,1,8,Village
789,1,49,1,8,Village
790,1,49,1,8,Village
791,1,49,1,8,Village
792,1,50,1,8,Village
793,1,50,1,8,Village
794,1,50,1,8,Village
795,1,50,1,8,Village
796,1,50,1,8,Village
797,1,50,1,8,Village
798,1,50,1,8,Village
799,1,50,1,8,Village
800,1,50,1,8,Village
801,1,50,1,8,Village
802,1,50,1,8,Village
803,1,50,1,8,Village
804,1,50,1,8,Village
805,1,50,1,8,Village
806,1,50,1,8,Village
807,1,50,1,8,Village
808,1,50,1,8,Village
809,1,50,1,8,Village
810,1,50,1,8,Village
811,1,50,1,8,Village
812,1,50,1,8,Village
813,1,50,1,8,Village
814,1,50,1,8,Village
815,1,50,1,8,Village
816,1,50,1,8,Village
817,1,50,1,8,Village
818,1,50,1,8,Village
819,1,50,1,8,Village
820,1,50,1,8,Village
821,1,50,1,8,Village
822,1,50,1,8,Village
823,1,50,1,8,Village
824,1,50,1,8,Village
825,1,50,1,8,Village
826,1,50,1,8,Village
827,1,50,1,8,Village
828,1,50,1,8,Village
829,1,50,1,8,Village
830,1,50,1,8,Village
831,1,50,1,8,Village
832,1,50,1,8,Village
833,1,50,1,8,Village
834,1,50,1,8,Village
835,1,50,1,8,Village
836,1,50,1,8,Village
837,1,50,1,8,Village
838,1,50,1,8,Village
839,1,50,1,8,Village
840,1,50,1,8,Village
841,1,50,1,8,Village
842,1,50,1,8,Village
843,1,50,1,8,Village
844,1,50,1,8,Village
845,1,50,1,8,Village
846,1,50,1,8,Village
847,1,50,1,8,Village
848,1,50,1,8,Village
849,1,50,1,8,Village
850,1,50,1,8,Village
851,1,50,1,8,Village
852,1,50,1,8,Village
853,1,50,1,8,Village
854,1,50,1,8,Village
855,1,50,1,8,Village
856,1,50,1,8,Village
857,1,50,1,8,Village
858,1,50,1,8,Village
859,1,50,1,8,Village
860,1,50,1,8,Village
861,1,50,1,8,Village
862,1,50,1,8,Village
863,1,50,1,8,Village
864,1,50,1,8,Village
865,1,50,1,8,Village
866,1,50,1,8,Village
867,1,50,1,8,Village
868,1,50,1,8,Village
869,1,50,1,8,Village
870,1,50,1,8,Village
871,1,50,1,8,Village
872,1,50,1,8,Village
873,1,50,1,8,Village
874,1,50,1,8,Village
875,1,50,1,8,Village
876,1,50,1,8,Village
877,1,50,1,8,Village
878,1,50,1,8,Village
879,1,50,1,8,Village
880,1,50,1,8,Village
881,1,50,1,8,Village
882,1,50,1,8,Village
883,1,50,1,8,Village
884,1,50,1,8,Village
885,1,50,1,8,Village
886,1,50,1,8,Village
887,1,50,1,8,Village
888,1,50,1,8,Village
889,1,50,1,8,Village
890,1,50,1,8,Village
891,1,50,1,8,Village
892,1,50,1,8,Village
893,1,50,1,8,Village
894,1,50,1,8,Village
895,1,50,1,8,Village
896,1,50,1,8,Village
897,1,50,1,8,Village
898,1,50,1,8,Village
899,1,50,1,8,Village
900,1,50,1,8,Village
901,1,50,1,8,Village
902,1,50,1,8,Village
903,1,50,1,8,Village
904,1,50,1,8,Village
905,1,50,1,8,Village
906,1,50,1,8,Village
907,1,50,1,8,Village
908,1,50,1,8,Village
909,1,50,1,8,Village
910,1,50,1,8,Village
911,1,50,1,8,Village
912,1,50,1,8,Village
913,1,50,1,8,Village
914,1,50,1,8,Village
915,1,50,1,8,Village
916,1,51,1,8,Village
917,1,51,1,8,Village
918,1,51,1,8,Village
919,1,51,1,8,Village
920,1,51,1,8,Village
921,1,51,1,8,Village
922,1,52,1,8,Village
923,1,52,1,8,Village
924,1,52,1,8,Village
925,1,52,1,8,Village
926,1,52,1,8,Village
927,1,52,1,8,Village
928,1,52,1,8,Village
929,1,52,1,8,Village
930,1,52,1,8,Village
931,1,52,1,8,Village
932,1,52,1,8,Village
933,1,52,1,8,Village
934,1,52,1,8,Village
935,1,52,1,8,Village
936,1,52,1,8,Village
937,1,52,1,8,Village
938,1,52,1,8,Village
939,1,52,1,8,Village
940,1,52,1,8,Village
941,1,52,1,8,Village
942,1,52,1,8,Village
943,1,52,1,8,Village
944,1,52,1,8,Village
945,1,53,1,8,Village
946,1,53,1,8,Village
947,1,53,1,8,Village
948,1,53,1,8,Village
949,1,53,1,8,Village
950,1,53,1,8,Village
951,1,54,1,8,Village
952,1,54,1,8,Village
953,1,54,1,8,Village
954,1,54,1,8,Village
955,1,54,1,8,Village
956,1,54,1,8,Village
957,1,54,1,8,Village
958,1,54,1,8,Village
959,1,54,1,8,Village
960,1,54,1,8,Village
961,1,54,1,8,Village
962,1,54,1,8,Village
963,1,54,1,8,Village
964,1,54,1,8,Village
965,1,54,1,8,Village
966,1,54,1,8,Village
967,1,54,1,8,Village
968,1,54,1,8,Village
969,1,54,1,8,Village
970,1,54,1,8,Village
971,1,54,1,8,Village
972,1,54,1,8,Village
973,1,54,1,8,Village
974,1,54,1,8,Village
975,1,54,1,8,Village
976,1,54,1,8,Village
977,1,54,1,8,Village
978,1,54,1,8,Village
979,1,54,1,8,Village
980,1,54,1,8,Village
981,1,54,1,8,Village
982,1,54,1,8,Village
983,1,54,1,8,Village
984,1,54,1,8,Village
985,1,54,1,8,Village
986,1,55,1,8,Village
987,1,55,1,8,Village
988,1,55,1,8,Village
989,1,55,1,8,Village
990,1,55,1,8,Village
991,1,55,1,8,Village
992,1,55,1,8,Village
993,1,55,1,8,Village
994,1,55,1,8,Village
995,1,55,1,8,Village
996,1,55,1,8,Village
997,1,55,1,8,Village
998,1,55,1,8,Village
999,1,55,1,8,Village
1000,1,55,1,8,Village
1001,1,55,1,8,Village
1002,1,55,1,8,Village
1003,1,55,1,8,Village
1004,1,55,1,8,Village
1005,1,55,1,8,Village
1006,1,55,1,8,Village
1007,1,55,1,8,Village
1008,1,55,1,8,Village
1009,1,55,1,8,Village
1010,1,55,1,8,Village
1011,1,55,1,8,Village
1012,1,55,1,8,Village
1013,1,55,1,8,Village
1014,1,55,1,8,Village
1015,1,55,1,8,Village
1016,1,55,1,8,Village
1017,1,55,1,8,Village
1018,1,55,1,8,Village
1019,1,55,1,8,Village
1020,1,55,1,8,Village
1021,1,55,1,8,Village
1022,1,55,1,8,Village
1023,1,55,1,8,Village
1024,1,55,1,8,Village
1025,1,55,1,8,Village
1026,1,55,1,8,Village
1027,1,55,1,8,Village
1028,1,55,1,8,Village
1029,1,55,1,8,Village
1030,1,55,1,8,Village
1031,1,55,1,8,Village
1032,1,55,1,8,Village
1033,1,55,1,8,Village
1034,1,55,1,8,Village
1035,1,55,1,8,Village
1036,1,55,1,8,Village
1037,1,55,1,8,Village
1038,1,55,1,8,Village
1039,1,55,1,8,Village
1040,1,55,1,8,Village
1041,1,55,1,8,Village
1042,1,55,1,8,Village
1043,1,55,1,8,Village
1044,1,55,1,8,Village
1045,1,55,1,8,Village
1046,1,55,1,8,Village
1047,1,55,1,8,Village
1048,1,55,1,8,Village
1049,1,55,1,8,Village
1050,1,55,1,8,Village
1051,1,55,1,8,Village
1052,1,55,1,8,Village
1053,1,55,1,8,Village
1054,1,55,1,8,Village
1055,1,56,1,8,Village
1056,1,56,1,8,Village
1057,1,56,1,8,Village
1058,1,56,1,8,Village
1059,1,56,1,8,Village
1060,1,56,1,8,Village
1061,1,56,1,8,Village
1062,1,56,1,8,Village
1063,1,56,1,8,Village
1064,1,56,1,8,Village
1065,1,56,1,8,Village
1066,1,56,1,8,Village
1067,1,56,1,8,Village
1068,1,56,1,8,Village
1069,1,56,1,8,Village
1070,1,56,1,8,Village
1071,1,56,1,8,Village
1072,1,56,1,8,Village
1073,1,56,1,8,Village
1074,1,56,1,8,Village
1075,1,56,1,8,Village
1076,1,56,1,8,Village
1077,1,56,1,8,Village
1078,1,56,1,8,Village
1079,1,56,1,8,Village
1080,1,56,1,8,Village
1081,1,56,1,8,Village
1082,1,56,1,8,Village
1083,1,56,1,8,Village
1084,1,56,1,8,Village
1085,1,56,1,8,Village
1086,1,56,1,8,Village
1087,1,56,1,8,Village
1088,1,56,1,8,Village
1089,1,56,1,8,Village
1090,1,56,1,8,Village
1091,1,56,1,8,Village
1092,1,56,1,8,Village
1093,1,56,1,8,Village
1094,1,56,1,8,Village
1095,1,56,1,8,Village
1096,1,56,1,8,Village
1097,1,56,1,8,Village
1098,1,56,1,8,Village
1099,1,56,1,8,Village
1100,1,56,1,8,Village
1101,1,56,1,8,Village
1102,1,56,1,8,Village
1103,1,56,1,8,Village
1104,1,56,1,8,Village
1105,1,56,1,8,Village
1106,1,56,1,8,Village
1107,1,56,1,8,Village
1108,1,56,1,8,Village
1109,1,56,1,8,Village
1110,1,56,1,8,Village
1111,1,56,1,8,Village
1112,1,56,1,8,Village
1113,1,56,1,8,Village
1114,1,56,1,8,Village
1115,1,56,1,8,Village
1116,1,56,1,8,Village
1117,1,56,1,8,Village
1118,1,56,1,8,Village
1119,1,56,1,8,Village
1120,1,56,1,8,Village
1121,1,56,1,8,Village
1122,1,56,1,8,Village
1123,1,56,1,8,Village
1124,1,56,1,8,Village
1125,1,56,1,8,Village
1126,1,56,1,8,Village
1127,1,56,1,8,Village
1128,1,56,1,8,Village
1129,1,56,1,8,Village
1130,1,56,1,8,Village
1131,1,56,1,8,Village
1132,1,56,1,8,Village
1133,1,56,1,8,Village
1134,1,56,1,8,Village
1135,1,56,1,8,Village
1136,1,56,1,8,Village
1137,1,56,1,8,Village
1138,1,56,1,8,Village
1139,1,56,1,8,Village
1140,1,57,1,8,Village
1141,1,57,1,8,Village
1142,1,57,1,8,Village
1143,1,57,1,8,Village
1144,1,57,1,8,Village
1145,1,57,1,8,Village
1146,1,57,1,8,Village
1147,1,57,1,8,Village
1148,1,57,1,8,Village
1149,1,57,1,8,Village
1150,1,57,1,8,Village
1151,1,57,1,8,Village
1152,1,57,1,8,Village
1153,1,57,1,8,Village
1154,1,57,1,8,Village
1155,1,57,1,8,Village
1156,1,57,1,8,Village
1157,1,57,1,8,Village
1158,1,57,1,8,Village
1159,1,57,1,8,Village
1160,1,57,1,8,Village
1161,1,57,1,8,Village
1162,1,57,1,8,Village
1163,1,57,1,8,Village
1164,1,57,1,8,Village
1165,1,58,1,8,Village
1166,1,58,1,8,Village
1167,1,58,1,8,Village
1168,1,58,1,8,Village
1169,1,58,1,8,Village
1170,1,58,1,8,Village
1171,1,58,1,8,Village
1172,1,58,1,8,Village
1173,1,58,1,8,Village
1174,1,58,1,8,Village
1175,1,58,1,8,Village
1176,1,58,1,8,Village
1177,1,58,1,8,Village
1178,1,58,1,8,Village
1179,1,58,1,8,Village
1180,1,58,1,8,Village
1181,1,58,1,8,Village
1182,1,58,1,8,Village
1183,1,58,1,8,Village
1184,1,58,1,8,Village
1185,1,58,1,8,Village
1186,1,58,1,8,Village
1187,1,58,1,8,Village
1188,1,58,1,8,Village
1189,1,58,1,8,Village
1190,1,58,1,8,Village
1191,1,58,1,8,Village
1192,1,58,1,8,Village
1193,1,58,1,8,Village
1194,1,58,1,8,Village
1195,1,58,1,8,Village
1196,1,59,1,8,Village
1197,1,59,1,8,Village
1198,1,59,1,8,Village
1199,1,59,1,8,Village
1200,1,59,1,8,Village
1201,1,59,1,8,Village
1202,1,59,1,8,Village
1203,1,59,1,8,Village
1204,1,59,1,8,Village
1205,1,60,1,8,Village
1206,1,60,1,8,Village
1207,1,60,1,8,Village
1208,1,60,1,8,Village
1209,1,60,1,8,Village
1210,1,60,1,8,Village
1211,1,60,1,8,Village
1212,1,60,1,8,Village
1213,1,60,1,8,Village
1214,1,60,1,8,Village
1215,1,60,1,8,Village
1216,1,60,1,8,Village
1217,1,61,1,8,Village
1218,1,61,1,8,Village
1219,1,61,1,8,Village
1220,1,61,1,8,Village
1221,1,61,1,8,Village
1222,1,61,1,8,Village
1223,1,61,1,8,Village
1224,1,62,1,8,Village
1225,1,62,1,8,Village
1226,1,62,1,8,Village
1227,1,62,1,8,Village
1228,1,62,1,8,Village
1229,1,62,1,8,Village
1230,1,62,1,8,Village
1231,1,62,1,8,Village
1232,1,62,1,8,Village
1233,1,62,1,8,Village
1234,1,62,1,8,Village
1235,1,62,1,8,Village
1236,1,62,1,8,Village
1237,1,62,1,8,Village
1238,1,62,1,8,Village
1239,1,62,1,8,Village
1240,1,62,1,8,Village
1241,1,62,1,8,Village
1242,1,62,1,8,Village
1243,1,62,1,8,Village
1244,1,62,1,8,Village
1245,1,62,1,8,Village
1246,1,62,1,8,Village
1247,1,62,1,8,Village
1248,1,62,1,8,Village
1249,1,62,1,8,Village
1250,1,62,1,8,Village
1251,1,62,1,8,Village
1252,1,63,1,8,Village
1253,1,63,1,8,Village
1254,1,63,1,8,Village
1255,1,63,1,8,Village
1256,1,63,1,8,Village
1257,1,63,1,8,Village
1258,1,64,1,8,Village
1259,1,64,1,8,Village
1260,1,64,1,8,Village
1261,1,64,1,8,Village
1262,1,64,1,8,Village
1263,1,64,1,8,Village
1264,1,64,1,8,Village
1265,1,64,1,8,Village
1266,1,64,1,8,Village
1267,1,64,1,8,Village
1268,1,64,1,8,Village
1269,1,64,1,8,Village
1270,1,64,1,8,Village
1271,1,64,1,8,Village
1272,1,64,1,8,Village
1273,1,64,1,8,Village
1274,1,64,1,8,Village
1275,1,64,1,8,Village
1276,1,64,1,8,Village
1277,1,64,1,8,Village
1278,1,64,1,8,Village
1279,1,64,1,8,Village
1280,1,64,1,8,Village
1281,1,64,1,8,Village
1282,1,64,1,8,Village
1283,1,64,1,8,Village
1284,1,64,1,8,Village
1285,1,64,1,8,Village
1286,1,64,1,8,Village
1287,1,64,1,8,Village
1288,1,64,1,8,Village
1289,1,64,1,8,Village
1290,1,64,1,8,Village
1291,1,64,1,8,Village
1292,1,64,1,8,Village
1293,1,64,1,8,Village
1294,1,64,1,8,Village
1295,1,64,1,8,Village
1296,1,64,1,8,Village
1297,1,64,1,8,Village
1298,1,64,1,8,Village
1299,1,64,1,8,Village
1300,1,64,1,8,Village
1301,1,64,1,8,Village
1302,1,64,1,8,Village
1303,1,64,1,8,Village
1304,1,64,1,8,Village
1305,1,64,1,8,Village
1306,1,64,1,8,Village
1307,1,64,1,8,Village
1308,1,64,1,8,Village
1309,1,64,1,8,Village
1310,1,64,1,8,Village
1311,1,64,1,8,Village
1312,1,64,1,8,Village
1313,1,64,1,8,Village
1314,1,64,1,8,Village
1315,1,64,1,8,Village
1316,1,64,1,8,Village
1317,1,64,1,8,Village
1318,1,64,1,8,Village
1319,1,64,1,8,Village
1320,1,64,1,8,Village
1321,1,64,1,8,Village
1322,1,64,1,8,Village
1323,1,64,1,8,Village
1324,1,64,1,8,Village
1325,1,64,1,8,Village
1326,1,64,1,8,Village
1327,1,64,1,8,Village
1328,1,64,1,8,Village
1329,1,64,1,8,Village
1330,1,64,1,8,Village
1331,1,64,1,8,Village
1332,1,64,1,8,Village
1333,1,64,1,8,Village
1334,1,64,1,8,Village
1335,1,64,1,8,Village
1336,1,64,1,8,Village
1337,1,64,1,8,Village
1338,1,64,1,8,Village
1339,1,64,1,8,Village
1340,1,64,1,8,Village
1341,1,64,1,8,Village
1342,1,64,1,8,Village
1343,1,64,1,8,Village
1344,1,64,1,8,Village
1345,1,64,1,8,Village
1346,1,64,1,8,Village
1347,1,64,1,8,Village
1348,1,64,1,8,Village
1349,1,64,1,8,Village
1350,1,65,1,8,Village
1351,1,65,1,8,Village
1352,1,65,1,8,Village
1353,1,65,1,8,Village
1354,1,65,1,8,Village
1355,1,65,1,8,Village
1356,1,65,1,8,Village
1357,1,65,1,8,Village
1358,1,65,1,8,Village
1359,1,65,1,8,Village
1360,1,65,1,8,Village
1361,1,65,1,8,Village
1362,1,65,1,8,Village
1363,1,65,1,8,Village
1364,1,65,1,8,Village
1365,1,65,1,8,Village
1366,1,65,1,8,Village
1367,1,65,1,8,Village
1368,1,65,1,8,Village
1369,1,65,1,8,Village
1370,1,65,1,8,Village
1371,1,65,1,8,Village
1372,1,65,1,8,Village
1373,1,65,1,8,Village
1374,1,65,1,8,Village
1375,1,65,1,8,Village
1376,1,65,1,8,Village
1377,1,65,1,8,Village
1378,1,65,1,8,Village
1379,1,65,1,8,Village
1380,1,65,1,8,Village
1381,1,65,1,8,Village
1382,1,65,1,8,Village
1383,1,65,1,8,Village
1384,1,65,1,8,Village
1385,1,65,1,8,Village
1386,1,65,1,8,Village
1387,1,65,1,8,Village
1388,1,65,1,8,Village
1389,1,65,1,8,Village
1390,1,65,1,8,Village
1391,1,65,1,8,Village
1392,1,65,1,8,Village
1393,1,65,1,8,Village
1394,1,65,1,8,Village
1395,1,65,1,8,Village
1396,1,65,1,8,Village
1397,1,65,1,8,Village
1398,1,65,1,8,Village
1399,1,65,1,8,Village
1400,1,65,1,8,Village
1401,1,65,1,8,Village
1402,1,65,1,8,Village
1403,1,65,1,8,Village
1404,1,65,1,8,Village
1405,1,65,1,8,Village
1406,1,65,1,8,Village
1407,1,65,1,8,Village
1408,1,65,1,8,Village
1409,1,65,1,8,Village
1410,1,65,1,8,Village
1411,1,65,1,8,Village
1412,1,65,1,8,Village
1413,1,65,1,8,Village
1414,1,65,1,8,Village
1415,1,65,1,8,Village
1416,1,65,1,8,Village
1417,1,65,1,8,Village
1418,1,65,1,8,Village
1419,1,65,1,8,Village
1420,1,65,1,8,Village
1421,1,65,1,8,Village
1422,1,65,1,8,Village
1423,1,65,1,8,Village
1424,1,65,1,8,Village
1425,1,65,1,8,Village
1426,1,65,1,8,Village
1427,1,65,1,8,Village
1428,1,65,1,8,Village
1429,1,65,1,8,Village
1430,1,65,1,8,Village
1431,1,65,1,8,Village
1432,1,65,1,8,Village
1433,1,65,1,8,Village
1434,1,65,1,8,Village
1435,1,65,1,8,Village
1436,1,65,1,8,Village
1437,1,65,1,8,Village
1438,1,65,1,8,Village
1439,1,65,1,8,Village
1440,1,65,1,8,Village
1441,1,65,1,8,Village
1442,1,65,1,8,Village
1443,1,65,1,8,Village
1444,1,65,1,8,Village
1445,1,65,1,8,Village
1446,1,65,1,8,Village
1447,1,65,1,8,Village
1448,1,65,1,8,Village
1449,1,65,1,8,Village
1450,1,65,1,8,Village
1451,1,65,1,8,Village
1452,1,65,1,8,Village
1453,1,65,1,8,Village
1454,1,65,1,8,Village
1455,1,65,1,8,Village
1456,1,65,1,8,Village
1457,1,65,1,8,Village
1458,1,65,1,8,Village
1459,1,65,1,8,Village
1460,1,65,1,8,Village
1461,1,65,1,8,Village
1462,1,65,1,8,Village
1463,1,65,1,8,Village
1464,1,65,1,8,Village
1465,1,65,1,8,Village
1466,1,65,1,8,Village
1467,1,65,1,8,Village
1468,1,65,1,8,Village
1469,1,65,1,8,Village
1470,1,65,1,8,Village
1471,1,65,1,8,Village
1472,1,65,1,8,Village
1473,1,65,1,8,Village
1474,1,65,1,8,Village
1475,1,65,1,8,Village
1476,1,65,1,8,Village
1477,1,65,1,8,Village
1478,1,65,1,8,Village
1479,1,65,1,8,Village
1480,1,65,1,8,Village
1481,1,65,1,8,Village
1482,1,65,1,8,Village
1483,1,65,1,8,Village
1484,1,65,1,8,Village
1485,1,65,1,8,Village
1486,1,65,1,8,Village
1487,1,66,1,9,Village
1488,1,66,1,9,Village
1489,1,66,1,9,Village
1490,1,66,1,9,Village
1491,1,66,1,9,Village
1492,1,66,1,9,Village
1493,1,66,1,9,Village
1494,1,66,1,9,Village
1495,1,66,1,9,Village
1496,1,66,1,9,Village
1497,1,66,1,9,Village
1498,1,66,1,9,Village
1499,1,66,1,9,Village
1500,1,66,1,9,Village
1501,1,66,1,9,Village
1502,1,66,1,9,Village
1503,1,66,1,9,Village
1504,1,66,1,9,Village
1505,1,66,1,9,Village
1506,1,66,1,9,Village
1507,1,66,1,9,Village
1508,1,66,1,9,Village
1509,1,66,1,9,Village
1510,1,66,1,9,Village
1511,1,66,1,9,Village
1512,1,66,1,9,Village
1513,1,66,1,9,Village
1514,1,66,1,9,Village
1515,1,66,1,9,Village
1516,1,67,1,9,Village
1517,1,67,1,9,Village
1518,1,67,1,9,Village
1519,1,67,1,9,Village
1520,1,67,1,9,Village
1521,1,67,1,9,Village
1522,1,67,1,9,Village
1523,1,67,1,9,Village
1524,1,67,1,9,Village
1525,1,67,1,9,Village
1526,1,67,1,9,Village
1527,1,67,1,9,Village
1528,1,67,1,9,Village
1529,1,67,1,9,Village
1530,1,67,1,9,Village
1531,1,67,1,9,Village
1532,1,67,1,9,Village
1533,1,67,1,9,Village
1534,1,67,1,9,Village
1535,1,67,1,9,Village
1536,1,67,1,9,Village
1537,1,67,1,9,Village
1538,1,67,1,9,Village
1539,1,67,1,9,Village
1540,1,67,1,9,Village
1541,1,67,1,9,Village
1542,1,67,1,9,Village
1543,1,67,1,9,Village
1544,1,67,1,9,Village
1545,1,67,1,9,Village
1546,1,67,1,9,Village
1547,1,67,1,9,Village
1548,1,67,1,9,Village
1549,1,67,1,9,Village
1550,1,67,1,9,Village
1551,1,67,1,9,Village
1552,1,67,1,9,Village
1553,1,67,1,9,Village
1554,1,67,1,9,Village
1555,1,67,1,9,Village
1556,1,67,1,9,Village
1557,1,67,1,9,Village
1558,1,67,1,9,Village
1559,1,67,1,9,Village
1560,1,67,1,9,Village
1561,1,67,1,9,Village
1562,1,67,1,9,Village
1563,1,67,1,9,Village
1564,1,67,1,9,Village
1565,1,67,1,9,Village
1566,1,67,1,9,Village
1567,1,67,1,9,Village
1568,1,67,1,9,Village
1569,1,67,1,9,Village
1570,1,67,1,9,Village
1571,1,67,1,9,Village
1572,1,67,1,9,Village
1573,1,67,1,9,Village
1574,1,67,1,9,Village
1575,1,67,1,9,Village
1576,1,67,1,9,Village
1577,1,67,1,9,Village
1578,1,68,1,9,Village
1579,1,68,1,9,Village
1580,1,68,1,9,Village
1581,1,68,1,9,Village
1582,1,68,1,9,Village
1583,1,68,1,9,Village
1584,1,68,1,9,Village
1585,1,68,1,9,Village
1586,1,68,1,9,Village
1587,1,68,1,9,Village
1588,1,69,1,9,Village
1589,1,69,1,9,Village
1590,1,69,1,9,Village
1591,1,69,1,9,Village
1592,1,69,1,9,Village
1593,1,69,1,9,Village
1594,1,69,1,9,Village
1595,1,69,1,9,Village
1596,1,69,1,9,Village
1597,1,69,1,9,Village
1598,1,69,1,9,Village
1599,1,69,1,9,Village
1600,1,69,1,9,Village
1601,1,69,1,9,Village
1602,1,69,1,9,Village
1603,1,69,1,9,Village
1604,1,70,1,9,Village
1605,1,70,1,9,Village
1606,1,70,1,9,Village
1607,1,70,1,9,Village
1608,1,70,1,9,Village
1609,1,70,1,9,Village
1610,1,70,1,9,Village
1611,1,70,1,9,Village
1612,1,70,1,9,Village
1613,1,70,1,9,Village
1614,1,70,1,9,Village
1615,1,70,1,9,Village
1616,1,70,1,9,Village
1617,1,70,1,9,Village
1618,1,70,1,9,Village
1619,1,70,1,9,Village
1620,1,70,1,9,Village
1621,1,70,1,9,Village
1622,1,70,1,9,Village
1623,1,70,1,9,Village
1624,1,70,1,9,Village
1625,1,70,1,9,Village
1626,1,70,1,9,Village
1627,1,70,1,9,Village
1628,1,71,1,9,Village
1629,1,71,1,9,Village
1630,1,71,1,9,Village
1631,1,71,1,9,Village
1632,1,71,1,9,Village
1633,1,71,1,9,Village
1634,1,71,1,9,Village
1635,1,71,1,9,Village
1636,1,71,1,9,Village
1637,1,71,1,9,Village
1638,1,71,1,9,Village
1639,1,71,1,9,Village
1640,1,71,1,9,Village
1641,1,71,1,9,Village
1642,1,71,1,9,Village
1643,1,71,1,9,Village
1644,1,71,1,9,Village
1645,1,71,1,9,Village
1646,1,71,1,9,Village
1647,1,71,1,9,Village
1648,1,71,1,9,Village
1649,1,71,1,9,Village
1650,1,71,1,9,Village
1651,1,71,1,9,Village
1652,1,71,1,9,Village
1653,1,71,1,9,Village
1654,1,71,1,9,Village
1655,1,71,1,9,Village
1656,1,71,1,9,Village
1657,1,71,1,9,Village
1658,1,71,1,9,Village
1659,1,71,1,9,Village
1660,1,71,1,9,Village
1661,1,71,1,9,Village
1662,1,71,1,9,Village
1663,1,71,1,9,Village
1664,1,71,1,9,Village
1665,1,71,1,9,Village
1666,1,71,1,9,Village
1667,1,71,1,9,Village
1668,1,71,1,9,Village
1669,1,71,1,9,Village
1670,1,71,1,9,Village
1671,1,71,1,9,Village
1672,1,71,1,9,Village
1673,1,71,1,9,Village
1674,1,71,1,9,Village
1675,1,71,1,9,Village
1676,1,71,1,9,Village
1677,1,71,1,9,Village
1678,1,71,1,9,Village
1679,1,71,1,9,Village
1680,1,71,1,9,Village
1681,1,71,1,9,Village
1682,1,71,1,9,Village
1683,1,71,1,9,Village
1684,1,71,1,9,Village
1685,1,71,1,9,Village
1686,1,71,1,9,Village
1687,1,71,1,9,Village
1688,1,71,1,9,Village
1689,1,71,1,9,Village
1690,1,71,1,9,Village
1691,1,71,1,9,Village
1692,1,71,1,9,Village
1693,1,71,1,9,Village
1694,1,71,1,9,Village
1695,1,71,1,9,Village
1696,1,71,1,9,Village
1697,1,71,1,9,Village
1698,1,71,1,9,Village
1699,1,71,1,9,Village
1700,1,71,1,9,Village
1701,1,71,1,9,Village
1702,1,71,1,9,Village
1703,1,71,1,9,Village
1704,1,71,1,9,Village
1705,1,71,1,9,Village
1706,1,71,1,9,Village
1707,1,71,1,9,Village
1708,1,71,1,9,Village
1709,1,71,1,9,Village
1710,1,71,1,9,Village
1711,1,71,1,9,Village
1712,1,71,1,9,Village
1713,1,71,1,9,Village
1714,1,71,1,9,Village
1715,1,71,1,9,Village
1716,1,71,1,9,Village
1717,1,71,1,9,Village
1718,1,71,1,9,Village
1719,1,71,1,9,Village
1720,1,71,1,9,Village
1721,1,71,1,9,Village
1722,1,71,1,9,Village
1723,1,71,1,9,Village
1724,1,71,1,9,Village
1725,1,71,1,9,Village
1726,1,71,1,9,Village
1727,1,71,1,9,Village
1728,1,71,1,9,Village
1729,1,71,1,9,Village
1730,1,71,1,9,Village
1731,1,71,1,9,Village
1732,1,71,1,9,Village
1733,1,71,1,9,Village
1734,1,71,1,9,Village
1735,1,71,1,9,Village
1736,1,71,1,9,Village
1737,1,71,1,9,Village
1738,1,71,1,9,Village
1739,1,71,1,9,Village
1740,1,72,1,9,Village
1741,1,72,1,9,Village
1742,1,72,1,9,Village
1743,1,72,1,9,Village
1744,1,72,1,9,Village
1745,1,72,1,9,Village
1746,1,72,1,9,Village
1747,1,72,1,9,Village
1748,1,72,1,9,Village
1749,1,72,1,9,Village
1750,1,72,1,9,Village
1751,1,72,1,9,Village
1752,1,72,1,9,Village
1753,1,72,1,9,Village
1754,1,72,1,9,Village
1755,1,72,1,9,Village
1756,1,72,1,9,Village
1757,1,73,1,9,Village
1758,1,73,1,9,Village
1759,1,73,1,9,Village
1760,1,73,1,9,Village
1761,1,73,1,9,Village
1762,1,73,1,9,Village
1763,1,73,1,9,Village
1764,1,73,1,9,Village
1765,1,73,1,9,Village
1766,1,73,1,9,Village
1767,1,73,1,9,Village
1768,1,73,1,9,Village
1769,1,73,1,9,Village
1770,1,73,1,9,Village
1771,1,73,1,9,Village
1772,1,73,1,9,Village
1773,1,73,1,9,Village
1774,1,73,1,9,Village
1775,1,73,1,9,Village
1776,1,73,1,9,Village
1777,1,73,1,9,Village
1778,1,74,1,9,Village
1779,1,74,1,9,Village
1780,1,74,1,9,Village
1781,1,74,1,9,Village
1782,1,74,1,9,Village
1783,1,74,1,9,Village
1784,1,74,1,9,Village
1785,1,74,1,9,Village
1786,1,74,1,9,Village
1787,1,74,1,9,Village
1788,1,74,1,9,Village
1789,1,74,1,9,Village
1790,1,74,1,9,Village
1791,1,74,1,9,Village
1792,1,74,1,9,Village
1793,1,74,1,9,Village
1794,1,74,1,9,Village
1795,1,74,1,9,Village
1796,1,74,1,9,Village
1797,1,74,1,9,Village
1798,1,75,1,9,Village
1799,1,75,1,9,Village
1800,1,75,1,9,Village
1801,1,75,1,9,Village
1802,1,75,1,9,Village
1803,1,75,1,9,Village
1804,1,75,1,9,Village
1805,1,75,1,9,Village
1806,1,75,1,9,Village
1807,1,75,1,9,Village
1808,1,75,1,9,Village
1809,1,75,1,9,Village
1810,1,75,1,9,Village
1811,1,75,1,9,Village
1812,1,75,1,9,Village
1813,1,75,1,9,Village
1814,1,75,1,9,Village
1815,1,75,1,9,Village
1816,1,75,1,9,Village
1817,1,75,1,9,Village
1818,1,75,1,9,Village
1819,1,75,1,9,Village
1820,1,75,1,9,Village
1821,1,75,1,9,Village
1822,1,75,1,9,Village
1823,1,75,1,9,Village
1824,1,75,1,9,Village
1825,1,75,1,9,Village
1826,1,75,1,9,Village
1827,1,75,1,9,Village
1828,1,75,1,9,Village
1829,1,75,1,9,Village
1830,1,75,1,9,Village
1831,1,75,1,9,Village
1832,1,75,1,9,Village
1833,1,75,1,9,Village
1834,1,75,1,9,Village
1835,1,75,1,9,Village
1836,1,75,1,9,Village
1837,1,75,1,9,Village
1838,1,75,1,9,Village
1839,1,75,1,9,Village
1840,1,75,1,9,Village
1841,1,75,1,9,Village
1842,1,75,1,9,Village
1843,1,75,1,9,Village
1844,1,75,1,9,Village
1845,1,75,1,9,Village
1846,1,75,1,9,Village
1847,1,75,1,9,Village
1848,1,75,1,9,Village
1849,1,75,1,9,Village
1850,1,75,1,9,Village
1851,1,75,1,9,Village
1852,1,75,1,9,Village
1853,1,75,1,9,Village
1854,1,75,1,9,Village
1855,1,75,1,9,Village
1856,1,75,1,9,Village
1857,1,75,1,9,Village
1858,1,75,1,9,Village
1859,1,75,1,9,Village
1860,1,75,1,9,Village
1861,1,75,1,9,Village
1862,1,75,1,9,Village
1863,1,75,1,9,Village
1864,1,75,1,9,Village
1865,1,75,1,9,Village
1866,1,75,1,9,Village
1867,1,75,1,9,Village
1868,1,75,1,9,Village
1869,1,76,1,10,Village
1870,1,76,1,10,Village
1871,1,76,1,10,Village
1872,1,76,1,10,Village
1873,1,76,1,10,Village
1874,1,76,1,10,Village
1875,1,77,4,10,Village
1876,1,77,4,10,Village
1877,1,77,4,10,Village
1878,1,77,4,10,Village
1879,1,77,4,10,Village
1880,1,78,1,10,Village
1881,1,78,1,10,Village
1882,1,78,1,10,Village
1883,1,78,1,10,Village
1884,1,78,1,10,Village
1885,1,78,1,10,Village
1886,1,79,4,10,Village
1887,1,79,4,10,Village
1888,1,79,4,10,Village
1889,1,79,4,10,Village
1890,1,79,4,10,Village
1891,1,79,4,10,Village
1892,1,79,4,10,Village
1893,1,79,4,10,Village
1894,1,79,4,10,Village
1895,1,79,4,10,Village
1896,1,80,1,10,Village
1897,1,80,1,10,Village
1898,1,80,1,10,Village
1899,1,80,1,10,Village
1900,1,80,1,10,Village
1901,1,80,1,10,Village
1902,1,80,1,10,Village
1903,1,80,1,10,Village
1904,1,80,1,10,Village
1905,1,80,1,10,Village
1906,1,80,1,10,Village
1907,1,80,1,10,Village
1908,1,81,1,10,Village
1909,1,81,1,10,Village
1910,1,81,1,10,Village
1911,1,81,1,10,Village
1912,1,81,1,10,Village
1913,1,81,1,10,Village
1914,1,81,1,10,Village
1915,1,81,1,10,Village
1916,1,81,1,10,Village
1917,1,81,1,10,Village
1918,1,81,1,10,Village
1919,1,81,1,10,Village
1920,1,81,1,10,Village
1921,1,81,1,10,Village
1922,1,82,1,10,Village
1923,1,82,1,10,Village
1924,1,82,1,10,Village
1925,1,82,1,10,Village
1926,1,82,1,10,Village
1927,1,82,1,10,Village
1928,1,82,1,10,Village
1929,1,82,1,10,Village
1930,1,82,1,10,Village
1931,1,82,1,10,Village
1932,1,82,1,10,Village
1933,1,82,1,10,Village
1934,1,82,1,10,Village
1935,1,82,1,10,Village
1936,1,82,1,10,Village
1937,1,82,1,10,Village
1938,1,82,1,10,Village
1939,1,82,1,10,Village
1940,1,82,1,10,Village
1941,1,82,1,10,Village
1942,1,82,1,10,Village
1943,1,82,1,10,Village
1944,1,82,1,10,Village
1945,1,82,1,10,Village
1946,1,82,1,10,Village
1947,1,82,1,10,Village
1948,1,82,1,10,Village
1949,1,82,1,10,Village
1950,1,82,1,10,Village
1951,1,82,1,10,Village
1952,1,82,1,10,Village
1953,1,82,1,10,Village
1954,1,82,1,10,Village
1955,1,82,1,10,Village
1956,1,82,1,10,Village
1957,1,82,1,10,Village
1958,1,82,1,10,Village
1959,1,82,1,10,Village
1960,1,82,1,10,Village
1961,1,82,1,10,Village
1962,1,82,1,10,Village
1963,1,82,1,10,Village
1964,1,82,1,10,Village
1965,1,82,1,10,Village
1966,1,82,1,10,Village
1967,1,82,1,10,Village
1968,1,82,1,10,Village
1969,1,82,1,10,Village
1970,1,82,1,10,Village
1971,1,82,1,10,Village
1972,1,82,1,10,Village
1973,1,82,1,10,Village
1974,1,82,1,10,Village
1975,1,82,1,10,Village
1976,1,82,1,10,Village
1977,1,83,4,10,Village
1978,1,83,4,10,Village
1979,1,83,4,10,Village
1980,1,83,4,10,Village
1981,1,83,4,10,Village
1982,1,83,4,10,Village
1983,1,83,4,10,Village
1984,1,83,4,10,Village
1985,1,84,1,10,Village
1986,1,84,1,10,Village
1987,1,84,1,10,Village
1988,1,84,1,10,Village
1989,1,84,1,10,Village
1990,1,84,1,10,Village
1991,1,84,1,10,Village
1992,1,84,1,10,Village
1993,1,84,1,10,Village
1994,1,84,1,10,Village
1995,1,84,1,10,Village
1996,1,84,1,10,Village
1997,1,84,1,10,Village
1998,1,85,1,10,Village
1999,1,85,1,10,Village
2000,1,85,1,10,Village
2001,1,85,1,10,Village
2002,1,85,1,10,Village
2003,1,85,1,10,Village
2004,1,85,1,10,Village
2005,1,85,1,10,Village
2006,1,85,1,10,Village
2007,1,85,1,10,Village
2008,1,85,1,10,Village
2009,1,85,1,10,Village
2010,1,85,1,10,Village
2011,1,85,1,10,Village
2012,1,85,1,10,Village
2013,1,85,1,10,Village
2014,1,85,1,10,Village
2015,1,85,1,10,Village
2016,1,85,1,10,Village
2017,1,85,1,10,Village
2018,1,85,1,10,Village
2019,1,86,1,10,Village
2020,1,86,1,10,Village
2021,1,86,1,10,Village
2022,1,86,1,10,Village
2023,1,86,1,10,Village
2024,1,86,1,10,Village
2025,1,86,1,10,Village
2026,1,86,1,10,Village
2027,1,87,1,11,Village
2028,1,87,1,11,Village
2029,1,87,1,11,Village
2030,1,87,1,11,Village
2031,1,87,1,11,Village
2032,1,87,1,11,Village
2033,1,87,1,11,Village
2034,1,87,1,11,Village
2035,1,87,1,11,Village
2036,1,87,1,11,Village
2037,1,87,1,11,Village
2038,1,87,1,11,Village
2039,1,87,1,11,Village
2040,1,87,1,11,Village
2041,1,87,1,11,Village
2042,1,87,1,11,Village
2043,1,87,1,11,Village
2044,1,87,1,11,Village
2045,1,87,1,11,Village
2046,1,87,1,11,Village
2047,1,87,1,11,Village
2048,1,87,1,11,Village
2049,1,87,1,11,Village
2050,1,87,1,11,Village
2051,1,87,1,11,Village
2052,1,89,1,11,Village
2053,1,89,1,11,Village
2054,1,89,1,11,Village
2055,1,89,1,11,Village
2056,1,89,1,11,Village
2057,1,89,1,11,Village
2058,1,89,1,11,Village
2059,1,89,1,11,Village
2060,1,89,1,11,Village
2061,1,89,1,11,Village
2062,1,89,1,11,Village
2063,1,89,1,11,Village
2064,1,89,1,11,Village
2065,1,89,1,11,Village
2066,1,89,1,11,Village
2067,1,89,1,11,Village
2068,1,89,1,11,Village
2069,1,89,1,11,Village
2070,1,89,1,11,Village
2071,1,89,1,11,Village
2072,1,90,1,11,Village
2073,1,90,1,11,Village
2074,1,90,1,11,Village
2075,1,90,1,11,Village
2076,1,90,1,11,Village
2077,1,90,1,11,Village
2078,1,90,1,11,Village
2079,1,90,1,11,Village
2080,1,90,1,11,Village
2081,1,90,1,11,Village
2082,1,90,1,11,Village
2083,1,90,1,11,Village
2084,1,90,1,11,Village
2085,1,90,1,11,Village
2086,1,90,1,11,Village
2087,1,90,1,11,Village
2088,1,90,1,11,Village
2089,1,90,1,11,Village
2090,1,90,1,11,Village
2091,1,91,1,11,Village
2092,1,91,1,11,Village
2093,1,91,1,11,Village
2094,1,91,1,11,Village
2095,1,91,1,11,Village
2096,1,92,1,11,Village
2097,1,92,1,11,Village
2098,1,92,1,11,Village
2099,1,92,1,11,Village
2100,1,92,1,11,Village
2101,1,92,1,11,Village
2102,1,92,1,11,Village
2103,1,92,1,11,Village
2104,1,92,1,11,Village
2105,1,92,1,11,Village
2106,1,92,1,11,Village
2107,1,92,1,11,Village
2108,1,92,1,11,Village
2109,1,92,1,11,Village
2110,1,92,1,11,Village
2111,1,92,1,11,Village
2112,1,92,1,11,Village
2113,1,92,1,11,Village
2114,1,92,1,11,Village
2115,1,92,1,11,Village
2116,1,92,1,11,Village
2117,1,92,1,11,Village
2118,1,92,1,11,Village
2119,1,92,1,11,Village
2120,1,92,1,11,Village
2121,1,92,1,11,Village
2122,1,92,1,11,Village
2123,1,92,1,11,Village
2124,1,92,1,11,Village
2125,1,92,1,11,Village
2126,1,92,1,11,Village
2127,1,92,1,11,Village
2128,1,92,1,11,Village
2129,1,92,1,11,Village
2130,1,92,1,11,Village
2131,1,92,1,11,Village
2132,1,92,1,11,Village
2133,1,92,1,11,Village
2134,1,92,1,11,Village
2135,1,92,1,11,Village
2136,1,92,1,11,Village
2137,1,92,1,11,Village
2138,1,92,1,11,Village
2139,1,92,1,11,Village
2140,1,92,1,11,Village
2141,1,92,1,11,Village
2142,1,92,1,11,Village
2143,1,92,1,11,Village
2144,1,92,1,11,Village
2145,1,92,1,11,Village
2146,1,93,1,11,Village
2147,1,93,1,11,Village
2148,1,93,1,11,Village
2149,1,93,1,11,Village
2150,1,93,1,11,Village
2151,1,93,1,11,Village
2152,1,93,1,11,Village
2153,1,93,1,11,Village
2154,1,93,1,11,Village
2155,1,93,1,11,Village
2156,1,93,1,11,Village
2157,1,93,1,11,Village
2158,1,93,1,11,Village
2159,1,93,1,11,Village
2160,1,93,1,11,Village
2161,1,93,1,11,Village
2162,1,93,1,11,Village
2163,1,93,1,11,Village
2164,1,93,1,11,Village
2165,1,93,1,11,Village
2166,1,93,1,11,Village
2167,1,93,1,11,Village
2168,1,93,1,11,Village
2169,1,93,1,11,Village
2170,1,93,1,11,Village
2171,1,93,1,11,Village
2172,1,93,1,11,Village
2173,1,93,1,11,Village
2174,1,93,1,11,Village
2175,1,93,1,11,Village
2176,1,93,1,11,Village
2177,1,93,1,11,Village
2178,1,93,1,11,Village
2179,1,93,1,11,Village
2180,1,93,1,11,Village
2181,1,93,1,11,Village
2182,1,93,1,11,Village
2183,1,93,1,11,Village
2184,1,93,1,11,Village
2185,1,94,1,11,Village
2186,1,94,1,11,Village
2187,1,94,1,11,Village
2188,1,94,1,11,Village
2189,1,94,1,11,Village
2190,1,95,1,11,Village
2191,1,95,1,11,Village
2192,1,95,1,11,Village
2193,1,95,1,11,Village
2194,1,95,1,11,Village
2195,1,95,1,11,Village
2196,1,95,1,11,Village
2197,1,95,1,11,Village
2198,1,95,1,11,Village
2199,1,95,1,11,Village
2200,1,95,1,11,Village
2201,1,95,1,11,Village
2202,1,95,1,11,Village
2203,1,95,1,11,Village
2204,1,95,1,11,Village
2205,1,95,1,11,Village
2206,1,95,1,11,Village
2207,1,95,1,11,Village
2208,1,95,1,11,Village
2209,1,95,1,11,Village
2210,1,95,1,11,Village
2211,1,95,1,11,Village
2212,1,95,1,11,Village
2213,1,95,1,11,Village
2214,1,95,1,11,Village
2215,1,95,1,11,Village
2216,1,95,1,11,Village
2217,1,95,1,11,Village
2218,1,95,1,11,Village
2219,1,95,1,11,Village
2220,1,95,1,11,Village
2221,1,95,1,11,Village
2222,1,95,1,11,Village
2223,1,95,1,11,Village
2224,1,95,1,11,Village
2225,1,95,1,11,Village
2226,1,95,1,11,Village
2227,1,95,1,11,Village
2228,1,95,1,11,Village
2229,1,95,1,11,Village
2230,1,96,1,11,Village
2231,1,96,1,11,Village
2232,1,96,1,11,Village
2233,1,96,1,11,Village
2234,1,96,1,11,Village
2235,1,96,1,11,Village
2236,1,96,1,11,Village
2237,1,96,1,11,Village
2238,1,96,1,11,Village
2239,1,96,1,11,Village
2240,1,96,1,11,Village
2241,1,96,1,11,Village
2242,1,96,1,11,Village
2243,1,96,1,11,Village
2244,1,96,1,11,Village
2245,1,96,1,11,Village
2246,1,96,1,11,Village
2247,1,96,1,11,Village
2248,1,96,1,11,Village
2249,1,96,1,11,Village
2250,1,96,1,11,Village
2251,1,96,1,11,Village
2252,1,96,1,11,Village
2253,1,96,1,11,Village
2254,1,96,1,11,Village
2255,1,97,1,11,Village
2256,1,97,1,11,Village
2257,1,97,1,11,Village
2258,1,97,1,11,Village
2259,1,97,1,11,Village
2260,1,97,1,11,Village
2261,1,97,1,11,Village
2262,1,97,1,11,Village
2263,1,97,1,11,Village
2264,1,97,1,11,Village
2265,1,97,1,11,Village
2266,1,97,1,11,Village
2267,1,97,1,11,Village
2268,1,97,1,11,Village
2269,1,97,1,11,Village
2270,1,97,1,11,Village
2271,1,97,1,11,Village
2272,1,97,1,11,Village
2273,1,97,1,11,Village
2274,1,97,1,11,Village
2275,1,97,1,11,Village
2276,1,97,1,11,Village
2277,1,97,1,11,Village
2278,1,97,1,11,Village
2279,1,97,1,11,Village
2280,1,97,1,11,Village
2281,1,97,1,11,Village
2282,1,98,1,11,Village
2283,1,98,1,11,Village
2284,1,98,1,11,Village
2285,1,98,1,11,Village
2286,1,98,1,11,Village
2287,1,98,1,11,Village
2288,1,98,1,11,Village
2289,1,98,1,11,Village
2290,1,98,1,11,Village
2291,1,98,1,11,Village
2292,1,98,1,11,Village
2293,1,98,1,11,Village
2294,1,98,1,11,Village
2295,1,98,1,11,Village
2296,1,98,1,11,Village
2297,1,98,1,11,Village
2298,1,98,1,11,Village
2299,1,98,1,11,Village
2300,1,98,1,11,Village
2301,1,98,1,11,Village
2302,1,98,1,11,Village
2303,1,98,1,11,Village
2304,1,98,1,11,Village
2305,1,98,1,11,Village
2306,1,98,1,11,Village
2307,1,98,1,11,Village
2308,1,98,1,11,Village
2309,1,98,1,11,Village
2310,1,98,1,11,Village
2311,1,98,1,11,Village
2312,1,98,1,11,Village
2313,1,98,1,11,Village
2314,1,98,1,11,Village
2315,1,98,1,11,Village
2316,1,98,1,11,Village
2317,1,98,1,11,Village
2318,1,98,1,11,Village
2319,1,99,1,12,Village
2320,1,99,1,12,Village
2321,1,99,1,12,Village
2322,1,99,1,12,Village
2323,1,99,1,12,Village
2324,1,99,1,12,Village
2325,1,99,1,12,Village
2326,1,99,1,12,Village
2327,1,100,1,12,Village
2328,1,100,1,12,Village
2329,1,100,1,12,Village
2330,1,100,1,12,Village
2331,1,100,1,12,Village
2332,1,100,1,12,Village
2333,1,100,1,12,Village
2334,1,100,1,12,Village
2335,1,100,1,12,Village
2336,1,100,1,12,Village
2337,1,100,1,12,Village
2338,1,100,1,12,Village
2339,1,100,1,12,Village
2340,1,100,1,12,Village
2341,1,100,1,12,Village
2342,1,100,1,12,Village
2343,1,100,1,12,Village
2344,1,100,1,12,Village
2345,1,100,1,12,Village
2346,1,100,1,12,Village
2347,1,101,1,12,Village
2348,1,101,1,12,Village
2349,1,101,1,12,Village
2350,1,101,1,12,Village
2351,1,101,1,12,Village
2352,1,101,1,12,Village
2353,1,101,1,12,Village
2354,1,101,1,12,Village
2355,1,101,1,12,Village
2356,1,101,1,12,Village
2357,1,101,1,12,Village
2358,1,101,1,12,Village
2359,1,101,1,12,Village
2360,1,101,1,12,Village
2361,1,102,5,12,Village
2362,1,102,5,12,Village
2363,1,102,5,12,Village
2364,1,102,5,12,Village
2365,1,102,5,12,Village
2366,1,102,5,12,Village
2367,1,102,5,12,Village
2368,1,102,5,12,Village
2369,1,102,5,12,Village
2370,1,102,5,12,Village
2371,1,102,5,12,Village
2372,1,102,5,12,Village
2373,1,102,5,12,Village
2374,1,103,1,12,Village
2375,1,103,1,12,Village
2376,1,103,1,12,Village
2377,1,103,1,12,Village
2378,1,103,1,12,Village
2379,1,103,1,12,Village
2380,1,103,1,12,Village
2381,1,103,1,12,Village
2382,1,103,1,12,Village
2383,1,103,1,12,Village
2384,1,103,1,12,Village
2385,1,103,1,12,Village
2386,1,103,1,12,Village
2387,1,103,1,12,Village
2388,1,103,1,12,Village
2389,1,103,1,12,Village
2390,1,103,1,12,Village
2391,1,103,1,12,Village
2392,1,103,1,12,Village
2393,1,103,1,12,Village
2394,1,103,1,12,Village
2395,1,103,1,12,Village
2396,1,103,1,12,Village
2397,1,104,1,12,Village
2398,1,104,1,12,Village
2399,1,104,1,12,Village
2400,1,104,1,12,Village
2401,1,104,1,12,Village
2402,1,104,1,12,Village
2403,1,104,1,12,Village
2404,1,104,1,12,Village
2405,1,104,1,12,Village
2406,1,104,1,12,Village
2407,1,104,1,12,Village
2408,1,104,1,12,Village
2409,1,104,1,12,Village
2410,1,104,1,12,Village
2411,1,104,1,12,Village
2412,1,104,1,12,Village
2413,1,104,1,12,Village
2414,1,104,1,12,Village
2415,1,104,1,12,Village
2416,1,104,1,12,Village
2417,1,104,1,12,Village
2418,1,104,1,12,Village
2419,1,104,1,12,Village
2420,1,104,1,12,Village
2421,1,104,1,12,Village
2422,1,105,6,12,Village
2423,1,105,6,12,Village
2424,1,105,6,12,Village
2425,1,105,6,12,Village
2426,1,105,6,12,Village
2427,1,105,6,12,Village
2428,1,105,6,12,Village
2429,1,105,6,12,Village
2430,1,105,6,12,Village
2431,1,105,6,12,Village
2432,1,105,6,12,Village
2433,1,105,6,12,Village
2434,1,105,6,12,Village
2435,1,105,6,12,Village
2436,1,105,6,12,Village
2437,1,106,6,12,Village
2438,1,106,6,12,Village
2439,1,106,6,12,Village
2440,1,106,6,12,Village
2441,1,106,6,12,Village
2442,1,106,6,12,Village
2443,1,106,6,12,Village
2444,1,106,6,12,Village
2445,1,106,6,12,Village
2446,1,106,6,12,Village
2447,1,106,6,12,Village
2448,1,106,6,12,Village
2449,1,106,6,12,Village
2450,1,106,6,12,Village
2451,1,106,6,12,Village
2452,1,106,6,12,Village
2453,1,106,6,12,Village
2454,1,106,6,12,Village
2455,1,106,6,12,Village
2456,1,106,6,12,Village
2457,1,106,6,12,Village
2458,1,106,6,12,Village
2459,1,107,1,12,Village
2460,1,107,1,12,Village
2461,1,107,1,12,Village
2462,1,107,1,12,Village
2463,1,107,1,12,Village
2464,1,108,5,12,Village
2465,1,108,5,12,Village
2466,1,108,5,12,Village
2467,1,108,5,12,Village
2468,1,108,5,12,Village
2469,1,108,5,12,Village
2470,1,108,5,12,Village
2471,1,108,5,12,Village
2472,1,108,5,12,Village
2473,1,108,5,12,Village
2474,1,108,5,12,Village
2475,1,108,5,12,Village
2476,1,108,5,12,Village
2477,1,108,5,12,Village
2478,1,108,5,12,Village
2479,1,108,5,12,Village
2480,1,108,5,12,Village
2481,1,108,5,12,Village
2482,1,108,5,12,Village
2483,1,108,5,12,Village
2484,1,108,5,12,Village
2485,1,108,5,12,Village
2486,1,108,5,12,Village
2487,1,108,5,12,Village
2488,1,108,5,12,Village
2489,1,108,5,12,Village
2490,1,108,5,12,Village
2491,1,108,5,12,Village
2492,1,108,5,12,Village
2493,1,108,5,12,Village
2494,1,108,5,12,Village
2495,1,108,5,12,Village
2496,1,108,5,12,Village
2497,1,108,5,12,Village
2498,1,109,1,12,Village
2499,1,109,1,12,Village
2500,1,109,1,12,Village
2501,1,109,1,12,Village
2502,1,109,1,12,Village
2503,1,109,1,12,Village
2504,1,109,1,12,Village
2505,1,109,1,12,Village
2506,1,109,1,12,Village
2507,1,109,1,12,Village
2508,1,109,1,12,Village
2509,1,109,1,12,Village
2510,1,109,1,12,Village
2511,1,110,7,13,Village
2512,1,110,7,13,Village
2513,1,110,7,13,Village
2514,1,110,7,13,Village
2515,1,110,7,13,Village
2516,1,110,7,13,Village
2517,1,110,7,13,Village
2518,1,110,7,13,Village
2519,1,110,7,13,Village
2520,1,110,7,13,Village
2521,1,110,7,13,Village
2522,1,110,7,13,Village
2523,1,110,7,13,Village
2524,1,110,7,13,Village
2525,1,110,7,13,Village
2526,1,110,7,13,Village
2527,1,110,7,13,Village
2528,1,110,7,13,Village
2529,1,111,7,13,Village
2530,1,111,7,13,Village
2531,1,111,7,13,Village
2532,1,111,7,13,Village
2533,1,111,7,13,Village
2534,1,111,7,13,Village
2535,1,111,7,13,Village
2536,1,111,7,13,Village
2537,1,111,7,13,Village
2538,1,111,7,13,Village
2539,1,111,7,13,Village
2540,1,111,7,13,Village
2541,1,111,7,13,Village
2542,1,111,7,13,Village
2543,1,111,7,13,Village
2544,1,111,7,13,Village
2545,1,111,7,13,Village
2546,1,111,7,13,Village
2547,1,111,7,13,Village
2548,1,111,7,13,Village
2549,1,111,7,13,Village
2550,1,111,7,13,Village
2551,1,111,7,13,Village
2552,1,111,7,13,Village
2553,1,111,7,13,Village
2554,1,111,7,13,Village
2555,1,112,7,13,Village
2556,1,112,7,13,Village
2557,1,112,7,13,Village
2558,1,112,7,13,Village
2559,1,112,7,13,Village
2560,1,112,7,13,Village
2561,1,112,7,13,Village
2562,1,113,8,13,Village
2563,1,113,8,13,Village
2564,1,113,8,13,Village
2565,1,113,8,13,Village
2566,1,113,8,13,Village
2567,1,113,8,13,Village
2568,1,113,8,13,Village
2569,1,113,8,13,Village
2570,1,113,8,13,Village
2571,1,113,8,13,Village
2572,1,113,8,13,Village
2573,1,113,8,13,Village
2574,1,113,8,13,Village
2575,1,113,8,13,Village
2576,1,113,8,13,Village
2577,1,113,8,13,Village
2578,1,113,8,13,Village
2579,1,113,8,13,Village
2580,1,113,8,13,Village
2581,1,113,8,13,Village
2582,1,113,8,13,Village
2583,1,113,8,13,Village
2584,1,83,4,10,Village
2585,1,83,4,10,Village
2586,1,83,4,10,Village
2587,1,83,4,10,Village
2588,1,83,4,10,Village
2589,1,83,4,10,Village
2590,1,83,4,10,Village
2591,1,83,4,10,Village
2592,1,83,4,10,Village
2593,1,83,4,10,Village
2594,1,83,4,10,Village
2595,1,83,4,10,Village
2596,1,83,4,10,Village
2597,1,83,4,10,Village
2598,1,83,4,10,Village
2599,1,83,4,10,Village
2600,1,83,4,10,Village
2601,1,83,4,10,Village
2602,1,115,8,13,Village
2603,1,115,8,13,Village
2604,1,115,8,13,Village
2605,1,115,8,13,Village
2606,1,115,8,13,Village
2607,1,115,8,13,Village
2608,1,115,8,13,Village
2609,1,115,8,13,Village
2610,1,115,8,13,Village
2611,1,115,8,13,Village
2612,1,115,8,13,Village
2613,1,115,8,13,Village
2614,1,115,8,13,Village
2615,1,115,8,13,Village
2616,1,115,8,13,Village
2617,1,115,8,13,Village
2618,1,115,8,13,Village
2619,1,115,8,13,Village
2620,1,116,8,13,Village
2621,1,116,8,13,Village
2622,1,116,8,13,Village
2623,1,116,8,13,Village
2624,1,116,8,13,Village
2625,1,116,8,13,Village
2626,1,116,8,13,Village
2627,1,116,8,13,Village
2628,1,116,8,13,Village
2629,1,116,8,13,Village
2630,1,116,8,13,Village
2631,1,116,8,13,Village
2632,1,116,8,13,Village
2633,1,116,8,13,Village
2634,1,116,8,13,Village
2635,1,116,8,13,Village
2636,1,116,8,13,Village
2637,1,116,8,13,Village
2638,1,116,8,13,Village
2639,1,116,8,13,Village
2640,1,116,8,13,Village
2641,1,116,8,13,Village
2642,1,116,8,13,Village
2643,1,116,8,13,Village
2644,1,116,8,13,Village
2645,1,116,8,13,Village
2646,1,116,8,13,Village
2647,1,116,8,13,Village
2648,1,116,8,13,Village
2649,1,116,8,13,Village
2650,1,116,8,13,Village
2651,1,116,8,13,Village
2652,1,116,8,13,Village
2653,1,116,8,13,Village
2654,1,116,8,13,Village
2655,1,116,8,13,Village
2656,1,116,8,13,Village
2657,1,116,8,13,Village
2658,1,116,8,13,Village
2659,1,116,8,13,Village
2660,1,116,8,13,Village
2661,1,116,8,13,Village
2662,1,117,1,13,Village
2663,1,117,1,13,Village
2664,1,117,1,13,Village
2665,1,117,1,13,Village
2666,1,117,1,13,Village
2667,1,117,1,13,Village
2668,1,117,1,13,Village
2669,1,117,1,13,Village
2670,1,117,1,13,Village
2671,1,117,1,13,Village
2672,1,117,1,13,Village
2673,1,117,1,13,Village
2674,1,117,1,13,Village
2675,1,117,1,13,Village
2676,1,117,1,13,Village
2677,1,117,1,13,Village
2678,1,117,1,13,Village
2679,1,117,1,13,Village
2680,1,117,1,13,Village
2681,1,117,1,13,Village
2682,1,117,1,13,Village
2683,1,117,1,13,Village
2684,1,117,1,13,Village
2685,1,117,1,13,Village
2686,1,118,1,13,Village
2687,1,118,1,13,Village
2688,1,118,1,13,Village
2689,1,118,1,13,Village
2690,1,118,1,13,Village
2691,1,118,1,13,Village
2692,1,118,1,13,Village
2693,1,118,1,13,Village
2694,1,118,1,13,Village
2695,1,118,1,13,Village
2696,1,118,1,13,Village
2697,1,118,1,13,Village
2698,1,118,1,13,Village
2699,1,118,1,13,Village
2700,1,118,1,13,Village
2701,1,118,1,13,Village
2702,1,118,1,13,Village
2703,1,118,1,13,Village
2704,1,118,1,13,Village
2705,1,118,1,13,Village
2706,1,118,1,13,Village
2707,1,118,1,13,Village
2708,1,119,1,13,Village
2709,1,119,1,13,Village
2710,1,119,1,13,Village
2711,1,119,1,13,Village
2712,1,119,1,13,Village
2713,1,119,1,13,Village
2714,1,119,1,13,Village
2715,1,119,1,13,Village
2716,1,119,1,13,Village
2717,1,119,1,13,Village
2718,1,119,1,13,Village
2719,1,119,1,13,Village
2720,1,119,1,13,Village
2721,1,119,1,13,Village
2722,1,119,1,13,Village
2723,1,119,1,13,Village
2724,1,119,1,13,Village
2725,1,119,1,13,Village
2726,1,119,1,13,Village
2727,1,119,1,13,Village
2728,1,119,1,13,Village
2729,1,119,1,13,Village
2730,1,119,1,13,Village
2731,1,119,1,13,Village
2732,1,120,1,13,Village
2733,1,120,1,13,Village
2734,1,120,1,13,Village
2735,1,120,1,13,Village
2736,1,120,1,13,Village
2737,1,120,1,13,Village
2738,1,120,1,13,Village
2739,1,120,1,13,Village
2740,1,120,1,13,Village
2741,1,120,1,13,Village
2742,1,120,1,13,Village
2743,1,120,1,13,Village
2744,1,120,1,13,Village
2745,1,120,1,13,Village
2746,1,120,1,13,Village
2747,1,120,1,13,Village
2748,1,120,1,13,Village
2749,1,120,1,13,Village
2750,1,120,1,13,Village
2751,1,120,1,13,Village
2752,1,120,1,13,Village
2753,1,122,8,13,Village
2754,1,122,8,13,Village
2755,1,122,8,13,Village
2756,1,122,8,13,Village
2757,1,122,8,13,Village
2758,1,122,8,13,Village
2759,1,122,8,13,Village
2760,1,122,8,13,Village
2761,1,122,8,13,Village
2762,1,122,8,13,Village
2763,1,122,8,13,Village
2764,1,122,8,13,Village
2765,1,122,8,13,Village
2766,1,122,8,13,Village
2767,1,122,8,13,Village
2768,1,122,8,13,Village
2769,1,122,8,13,Village
2770,1,122,8,13,Village
2771,1,122,8,13,Village
2772,1,122,8,13,Village
2773,1,122,8,13,Village
2774,1,122,8,13,Village
2775,1,122,8,13,Village
2776,1,123,1,13,Village
2777,1,123,1,13,Village
2778,1,123,1,13,Village
2779,1,123,1,13,Village
2780,1,123,1,13,Village
2781,1,123,1,13,Village
2782,1,123,1,13,Village
2783,1,123,1,13,Village
2784,1,123,1,13,Village
2785,1,123,1,13,Village
2786,1,123,1,13,Village
2787,1,123,1,13,Village
2788,1,123,1,13,Village
2789,1,123,1,13,Village
2790,1,123,1,13,Village
2791,1,123,1,13,Village
2792,1,123,1,13,Village
2793,1,123,1,13,Village
2794,1,123,1,13,Village
2795,1,123,1,13,Village
2796,1,124,1,13,Village
2797,1,124,1,13,Village
2798,1,124,1,13,Village
2799,1,124,1,13,Village
2800,1,124,1,13,Village
2801,1,124,1,13,Village
2802,1,124,1,13,Village
2803,1,124,1,13,Village
2804,1,124,1,13,Village
2805,1,124,1,13,Village
2806,1,124,1,13,Village
2807,1,124,1,13,Village
2808,1,124,1,13,Village
2809,1,124,1,13,Village
2810,1,124,1,13,Village
2811,1,124,1,13,Village
2812,1,125,1,14,Village
2813,1,125,1,14,Village
2814,1,125,1,14,Village
2815,1,125,1,14,Village
2816,1,125,1,14,Village
2817,1,125,1,14,Village
2818,1,125,1,14,Village
2819,1,125,1,14,Village
2820,1,125,1,14,Village
2821,1,125,1,14,Village
2822,1,125,1,14,Village
2823,1,125,1,14,Village
2824,1,125,1,14,Village
2825,1,125,1,14,Village
2826,1,125,1,14,Village
2827,1,125,1,14,Village
2828,1,125,1,14,Village
2829,1,125,1,14,Village
2830,1,125,1,14,Village
2831,1,125,1,14,Village
2832,1,126,1,14,Village
2833,1,126,1,14,Village
2834,1,126,1,14,Village
2835,1,126,1,14,Village
2836,1,126,1,14,Village
2837,1,126,1,14,Village
2838,1,126,1,14,Village
2839,1,126,1,14,Village
2840,1,126,1,14,Village
2841,1,126,1,14,Village
2842,1,126,1,14,Village
2843,1,126,1,14,Village
2844,1,126,1,14,Village
2845,1,126,1,14,Village
2846,1,126,1,14,Village
2847,1,126,1,14,Village
2848,1,126,1,14,Village
2849,1,126,1,14,Village
2850,1,126,1,14,Village
2851,1,126,1,14,Village
2852,1,126,1,14,Village
2853,1,126,1,14,Village
2854,1,126,1,14,Village
2855,1,126,1,14,Village
2856,1,126,1,14,Village
2857,1,126,1,14,Village
2858,1,126,1,14,Village
2859,1,126,1,14,Village
2860,1,126,1,14,Village
2861,1,126,1,14,Village
2862,1,126,1,14,Village
2863,1,126,1,14,Village
2864,1,126,1,14,Village
2865,1,126,1,14,Village
2866,1,127,1,14,Village
2867,1,127,1,14,Village
2868,1,127,1,14,Village
2869,1,127,1,14,Village
2870,1,127,1,14,Village
2871,1,127,1,14,Village
2872,1,127,1,14,Village
2873,1,127,1,14,Village
2874,1,127,1,14,Village
2875,1,127,1,14,Village
2876,1,127,1,14,Village
2877,1,127,1,14,Village
2878,1,127,1,14,Village
2879,1,127,1,14,Village
2880,1,127,1,14,Village
2881,1,127,1,14,Village
2882,1,36,1,6,Village
2883,1,36,1,6,Village
2884,1,36,1,6,Village
2885,1,36,1,6,Village
2886,1,36,1,6,Village
2887,1,36,1,6,Village
2888,1,36,1,6,Village
2889,1,36,1,6,Village
2890,1,36,1,6,Village
2891,1,36,1,6,Village
2892,1,36,1,6,Village
2893,1,129,9,14,Village
2894,1,129,9,14,Village
2895,1,129,9,14,Village
2896,1,129,9,14,Village
2897,1,129,9,14,Village
2898,1,129,9,14,Village
2899,1,129,9,14,Village
2900,1,130,1,14,Village
2901,1,130,1,14,Village
2902,1,130,1,14,Village
2903,1,130,1,14,Village
2904,1,130,1,14,Village
2905,1,130,1,14,Village
2906,1,130,1,14,Village
2907,1,130,1,14,Village
2908,1,130,1,14,Village
2909,1,130,1,14,Village
2910,1,130,1,14,Village
2911,1,130,1,14,Village
2912,1,130,1,14,Village
2913,1,130,1,14,Village
2914,1,130,1,14,Village
2915,1,130,1,14,Village
2916,1,130,1,14,Village
2917,1,130,1,14,Village
2918,1,130,1,14,Village
2919,1,130,1,14,Village
2920,1,130,1,14,Village
2921,1,130,1,14,Village
2922,1,130,1,14,Village
2923,1,130,1,14,Village
2924,1,130,1,14,Village
2925,1,130,1,14,Village
2926,1,130,1,14,Village
2927,1,130,1,14,Village
2928,1,130,1,14,Village
2929,1,130,1,14,Village
2930,1,131,1,14,Village
2931,1,131,1,14,Village
2932,1,131,1,14,Village
2933,1,131,1,14,Village
2934,1,131,1,14,Village
2935,1,131,1,14,Village
2936,1,131,1,14,Village
2937,1,131,1,14,Village
2938,1,132,1,14,Village
2939,1,132,1,14,Village
2940,1,132,1,14,Village
2941,1,132,1,14,Village
2942,1,132,1,14,Village
2943,1,132,1,14,Village
2944,1,132,1,14,Village
2945,1,132,1,14,Village
2946,1,132,1,14,Village
2947,1,132,1,14,Village
2948,1,132,1,14,Village
2949,1,133,9,14,Village
2950,1,133,9,14,Village
2951,1,133,9,14,Village
2952,1,133,9,14,Village
2953,1,133,9,14,Village
2954,1,133,9,14,Village
2955,1,133,9,14,Village
2956,1,134,1,14,Village
2957,1,134,1,14,Village
2958,1,134,1,14,Village
2959,1,134,1,14,Village
2960,1,134,1,14,Village
2961,1,134,1,14,Village
2962,1,134,1,14,Village
2963,1,134,1,14,Village
2964,1,134,1,14,Village
2965,1,135,1,14,Village
2966,1,135,1,14,Village
2967,1,135,1,14,Village
2968,1,135,1,14,Village
2969,1,135,1,14,Village
2970,1,135,1,14,Village
2971,1,135,1,14,Village
2972,1,135,1,14,Village
2973,1,135,1,14,Village
2974,1,135,1,14,Village
2975,1,135,1,14,Village
2976,1,136,1,14,Village
2977,1,136,1,14,Village
2978,1,136,1,14,Village
2979,1,136,1,14,Village
2980,1,136,1,14,Village
2981,1,136,1,14,Village
2982,1,136,1,14,Village
2983,1,136,1,14,Village
2984,1,136,1,14,Village
2985,1,136,1,14,Village
2986,1,136,1,14,Village
2987,1,136,1,14,Village
2988,1,136,1,14,Village
2989,1,136,1,14,Village
2990,1,136,1,14,Village
2991,1,136,1,14,Village
2992,1,136,1,14,Village
2993,1,136,1,14,Village
2994,1,136,1,14,Village
2995,1,136,1,14,Village
2996,1,136,1,14,Village
2997,1,136,1,14,Village
2998,1,136,1,14,Village
2999,1,136,1,14,Village
3000,1,136,1,14,Village
3001,1,137,1,15,Village
3002,1,137,1,15,Village
3003,1,137,1,15,Village
3004,1,137,1,15,Village
3005,1,137,1,15,Village
3006,1,137,1,15,Village
3007,1,137,1,15,Village
3008,1,137,1,15,Village
3009,1,137,1,15,Village
3010,1,137,1,15,Village
3011,1,138,1,15,Village
3012,1,138,1,15,Village
3013,1,138,1,15,Village
3014,1,138,1,15,Village
3015,1,138,1,15,Village
3016,1,139,1,15,Village
3017,1,139,1,15,Village
3018,1,139,1,15,Village
3019,1,139,1,15,Village
3020,1,139,1,15,Village
3021,1,140,1,15,Village
3022,1,140,1,15,Village
3023,1,140,1,15,Village
3024,1,140,1,15,Village
3025,1,140,1,15,Village
3026,1,140,1,15,Village
3027,1,140,1,15,Village
3028,1,140,1,15,Village
3029,1,140,1,15,Village
3030,1,140,1,15,Village
3031,1,140,1,15,Village
3032,1,140,1,15,Village
3033,1,140,1,15,Village
3034,1,140,1,15,Village
3035,1,141,10,15,Village
3036,1,141,10,15,Village
3037,1,141,10,15,Village
3038,1,141,10,15,Village
3039,1,141,10,15,Village
3040,1,142,1,15,Village
3041,1,142,1,15,Village
3042,1,142,1,15,Village
3043,1,142,1,15,Village
3044,1,142,1,15,Village
3045,1,142,1,15,Village
3046,1,142,1,15,Village
3047,1,142,1,15,Village
3048,1,142,1,15,Village
3049,1,142,1,15,Village
3050,1,142,1,15,Village
3051,1,142,1,15,Village
3052,1,142,1,15,Village
3053,1,142,1,15,Village
3054,1,142,1,15,Village
3055,1,142,1,15,Village
3056,1,142,1,15,Village
3057,1,142,1,15,Village
3058,1,142,1,15,Village
3059,1,142,1,15,Village
3060,1,142,1,15,Village
3061,1,142,1,15,Village
3062,1,142,1,15,Village
3063,1,142,1,15,Village
3064,1,142,1,15,Village
3065,1,142,1,15,Village
3066,1,142,1,15,Village
3067,1,142,1,15,Village
3068,1,142,1,15,Village
3069,1,142,1,15,Village
3070,1,142,1,15,Village
3071,1,142,1,15,Village
3072,1,142,1,15,Village
3073,1,142,1,15,Village
3074,1,142,1,15,Village
3075,1,142,1,15,Village
3076,1,142,1,15,Village
3077,1,142,1,15,Village
3078,1,142,1,15,Village
3079,1,142,1,15,Village
3080,1,142,1,15,Village
3081,1,143,10,15,Village
3082,1,143,10,15,Village
3083,1,143,10,15,Village
3084,1,143,10,15,Village
3085,1,143,10,15,Village
3086,1,143,10,15,Village
3087,1,143,10,15,Village
3088,1,143,10,15,Village
3089,1,143,10,15,Village
3090,1,143,10,15,Village
3091,1,143,10,15,Village
3092,1,143,10,15,Village
3093,1,143,10,15,Village
3094,1,143,10,15,Village
3095,1,143,10,15,Village
3096,1,143,10,15,Village
3097,1,143,10,15,Village
3098,1,144,10,15,Village
3099,1,144,10,15,Village
3100,1,144,10,15,Village
3101,1,144,10,15,Village
3102,1,144,10,15,Village
3103,1,144,10,15,Village
3104,1,144,10,15,Village
3105,1,144,10,15,Village
3106,1,146,1,16,Village
3107,1,146,1,16,Village
3108,1,146,1,16,Village
3109,1,146,1,16,Village
3110,1,146,1,16,Village
3111,1,146,1,16,Village
3112,1,146,1,16,Village
3113,1,146,1,16,Village
3114,1,146,1,16,Village
3115,1,146,1,16,Village
3116,1,147,1,16,Village
3117,1,147,1,16,Village
3118,1,147,1,16,Village
3119,1,147,1,16,Village
3120,1,147,1,16,Village
3121,1,147,1,16,Village
3122,1,147,1,16,Village
3123,1,147,1,16,Village
3124,1,147,1,16,Village
3125,1,147,1,16,Village
3126,1,147,1,16,Village
3127,1,148,1,16,Village
3128,1,148,1,16,Village
3129,1,148,1,16,Village
3130,1,148,1,16,Village
3131,1,148,1,16,Village
3132,1,148,1,16,Village
3133,1,148,1,16,Village
3134,1,148,1,16,Village
3135,1,148,1,16,Village
3136,1,148,1,16,Village
3137,1,148,1,16,Village
3138,1,148,1,16,Village
3139,1,148,1,16,Village
3140,1,148,1,16,Village
3141,1,148,1,16,Village
3142,1,148,1,16,Village
3143,1,148,1,16,Village
3144,1,148,1,16,Village
3145,1,148,1,16,Village
3146,1,148,1,16,Village
3147,1,149,1,16,Village
3148,1,149,1,16,Village
3149,1,149,1,16,Village
3150,1,149,1,16,Village
3151,1,149,1,16,Village
3152,1,149,1,16,Village
3153,1,149,1,16,Village
3154,1,149,1,16,Village
3155,1,149,1,16,Village
3156,1,149,1,16,Village
3157,1,149,1,16,Village
3158,1,149,1,16,Village
3159,1,149,1,16,Village
3160,1,149,1,16,Village
3161,1,149,1,16,Village
3162,1,149,1,16,Village
3163,1,149,1,16,Village
3164,1,149,1,16,Village
3165,1,149,1,16,Village
3166,1,149,1,16,Village
3167,1,149,1,16,Village
3168,1,149,1,16,Village
3169,1,149,1,16,Village
3170,1,149,1,16,Village
3171,1,149,1,16,Village
3172,1,149,1,16,Village
3173,1,149,1,16,Village
3174,1,149,1,16,Village
3175,1,149,1,16,Village
3176,1,149,1,16,Village
3177,1,149,1,16,Village
3178,1,149,1,16,Village
3179,1,149,1,16,Village
3180,1,150,1,16,Village
3181,1,150,1,16,Village
3182,1,150,1,16,Village
3183,1,150,1,16,Village
3184,1,150,1,16,Village
3185,1,150,1,16,Village
3186,1,150,1,16,Village
3187,1,150,1,16,Village
3188,1,150,1,16,Village
3189,1,150,1,16,Village
3190,1,150,1,16,Village
3191,1,150,1,16,Village
3192,1,150,1,16,Village
3193,1,150,1,16,Village
3194,1,150,1,16,Village
3195,1,150,1,16,Village
3196,1,150,1,16,Village
3197,1,150,1,16,Village
3198,1,150,1,16,Village
3199,1,150,1,16,Village
3200,1,150,1,16,Village
3201,1,150,1,16,Village
3202,1,150,1,16,Village
3203,1,150,1,16,Village
3204,1,151,1,16,Village
3205,1,151,1,16,Village
3206,1,151,1,16,Village
3207,1,151,1,16,Village
3208,1,151,1,16,Village
3209,1,151,1,16,Village
3210,1,151,1,16,Village
3211,1,151,1,16,Village
3212,1,151,1,16,Village
3213,1,151,1,16,Village
3214,1,151,1,16,Village
3215,1,151,1,16,Village
3216,1,151,1,16,Village
3217,1,151,1,16,Village
3218,1,151,1,16,Village
3219,1,151,1,16,Village
3220,1,152,1,16,Village
3221,1,152,1,16,Village
3222,1,152,1,16,Village
3223,1,152,1,16,Village
3224,1,152,1,16,Village
3225,1,152,1,16,Village
3226,1,152,1,16,Village
3227,1,152,1,16,Village
3228,1,152,1,16,Village
3229,1,152,1,16,Village
3230,1,152,1,16,Village
3231,1,153,1,16,Village
3232,1,153,1,16,Village
3233,1,153,1,16,Village
3234,1,153,1,16,Village
3235,1,153,1,16,Village
3236,1,153,1,16,Village
3237,1,154,1,17,Village
3238,1,154,1,17,Village
3239,1,154,1,17,Village
3240,1,154,1,17,Village
3241,1,154,1,17,Village
3242,1,154,1,17,Village
3243,1,154,1,17,Village
3244,1,154,1,17,Village
3245,1,154,1,17,Village
3246,1,154,1,17,Village
3247,1,154,1,17,Village
3248,1,154,1,17,Village
3249,1,154,1,17,Village
3250,1,154,1,17,Village
3251,1,154,1,17,Village
3252,1,154,1,17,Village
3253,1,154,1,17,Village
3254,1,154,1,17,Village
3255,1,154,1,17,Village
3256,1,154,1,17,Village
3257,1,154,1,17,Village
3258,1,154,1,17,Village
3259,1,154,1,17,Village
3260,1,154,1,17,Village
3261,1,154,1,17,Village
3262,1,154,1,17,Village
3263,1,154,1,17,Village
3264,1,154,1,17,Village
3265,1,155,1,17,Village
3266,1,155,1,17,Village
3267,1,155,1,17,Village
3268,1,155,1,17,Village
3269,1,155,1,17,Village
3270,1,155,1,17,Village
3271,1,155,1,17,Village
3272,1,155,1,17,Village
3273,1,155,1,17,Village
3274,1,155,1,17,Village
3275,1,155,1,17,Village
3276,1,155,1,17,Village
3277,1,155,1,17,Village
3278,1,155,1,17,Village
3279,1,156,1,17,Village
3280,1,156,1,17,Village
3281,1,156,1,17,Village
3282,1,156,1,17,Village
3283,1,156,1,17,Village
3284,1,156,1,17,Village
3285,1,156,1,17,Village
3286,1,156,1,17,Village
3287,1,157,11,17,Village
3288,1,157,11,17,Village
3289,1,157,11,17,Village
3290,1,157,11,17,Village
3291,1,157,11,17,Village
3292,1,157,11,17,Village
3293,1,157,11,17,Village
3294,1,157,11,17,Village
3295,1,157,11,17,Village
3296,1,157,11,17,Village
3297,1,157,11,17,Village
3298,1,157,11,17,Village
3299,1,157,11,17,Village
3300,1,157,11,17,Village
3301,1,157,11,17,Village
3302,1,157,11,17,Village
3303,1,157,11,17,Village
3304,1,157,11,17,Village
3305,1,157,11,17,Village
3306,1,157,11,17,Village
3307,1,157,11,17,Village
3308,1,158,12,17,Village
3309,1,158,12,17,Village
3310,1,158,12,17,Village
3311,1,158,12,17,Village
3312,1,158,12,17,Village
3313,1,158,12,17,Village
3314,1,158,12,17,Village
3315,1,158,12,17,Village
3316,1,158,12,17,Village
3317,1,158,12,17,Village
3318,1,158,12,17,Village
3319,1,158,12,17,Village
3320,1,158,12,17,Village
3321,1,158,12,17,Village
3322,1,158,12,17,Village
3323,1,158,12,17,Village
3324,1,158,12,17,Village
3325,1,158,12,17,Village
3326,1,158,12,17,Village
3327,1,158,12,17,Village
3328,1,158,12,17,Village
3329,1,158,12,17,Village
3330,1,158,12,17,Village
3331,1,158,12,17,Village
3332,1,158,12,17,Village
3333,1,158,12,17,Village
3334,1,158,12,17,Village
3335,1,158,12,17,Village
3336,1,158,12,17,Village
3337,1,158,12,17,Village
3338,1,159,12,17,Village
3339,1,159,12,17,Village
3340,1,159,12,17,Village
3341,1,159,12,17,Village
3342,1,159,12,17,Village
3343,1,159,12,17,Village
3344,1,159,12,17,Village
3345,1,159,12,17,Village
3346,1,159,12,17,Village
3347,1,159,12,17,Village
3348,1,159,12,17,Village
3349,1,159,12,17,Village
3350,1,159,12,17,Village
3351,1,159,12,17,Village
3352,1,159,12,17,Village
3353,1,159,12,17,Village
3354,1,159,12,17,Village
3355,1,159,12,17,Village
3356,1,159,12,17,Village
3357,1,159,12,17,Village
3358,1,159,12,17,Village
3359,1,159,12,17,Village
3360,1,159,12,17,Village
3361,1,159,12,17,Village
3362,1,159,12,17,Village
3363,1,159,12,17,Village
3364,1,159,12,17,Village
3365,1,159,12,17,Village
3366,1,159,12,17,Village
3367,1,159,12,17,Village
3368,1,159,12,17,Village
3369,1,159,12,17,Village
3370,1,159,12,17,Village
3371,1,159,12,17,Village
3372,1,159,12,17,Village
3373,1,159,12,17,Village
3374,1,159,12,17,Village
3375,1,159,12,17,Village
3376,1,159,12,17,Village
3377,1,159,12,17,Village
3378,1,159,12,17,Village
3379,1,159,12,17,Village
3380,1,159,12,17,Village
3381,1,159,12,17,Village
3382,1,159,12,17,Village
3383,1,159,12,17,Village
3384,1,159,12,17,Village
3385,1,159,12,17,Village
3386,1,159,12,17,Village
3387,1,159,12,17,Village
3388,1,159,12,17,Village
3389,1,159,12,17,Village
3390,1,159,12,17,Village
3391,1,159,12,17,Village
3392,1,160,13,17,Village
3393,1,160,13,17,Village
3394,1,160,13,17,Village
3395,1,160,13,17,Village
3396,1,160,13,17,Village
3397,1,160,13,17,Village
3398,1,161,1,17,Village
3399,1,161,1,17,Village
3400,1,161,1,17,Village
3401,1,161,1,17,Village
3402,1,161,1,17,Village
3403,1,161,1,17,Village
3404,1,161,1,17,Village
3405,1,161,1,17,Village
3406,1,161,1,17,Village
3407,1,161,1,17,Village
3408,1,161,1,17,Village
3409,1,161,1,17,Village
3410,1,161,1,17,Village
3411,1,161,1,17,Village
3412,1,161,1,17,Village
3413,1,161,1,17,Village
3414,1,161,1,17,Village
3415,1,161,1,17,Village
3416,1,161,1,17,Village
3417,1,161,1,17,Village
3418,1,161,1,17,Village
3419,1,161,1,17,Village
3420,1,161,1,17,Village
3421,1,161,1,17,Village
3422,1,162,1,17,Village
3423,1,162,1,17,Village
3424,1,162,1,17,Village
3425,1,162,1,17,Village
3426,1,162,1,17,Village
3427,1,162,1,17,Village
3428,1,162,1,17,Village
3429,1,162,1,17,Village
3430,1,162,1,17,Village
3431,1,162,1,17,Village
3432,1,162,1,17,Village
3433,1,162,1,17,Village
3434,1,162,1,17,Village
3435,1,162,1,17,Village
3436,1,162,1,17,Village
3437,1,162,1,17,Village
3438,1,162,1,17,Village
3439,1,162,1,17,Village
3440,1,162,1,17,Village
3441,1,162,1,17,Village
3442,1,162,1,17,Village
3443,1,162,1,17,Village
3444,1,162,1,17,Village
3445,1,162,1,17,Village
3446,1,162,1,17,Village
3447,1,162,1,17,Village
3448,1,162,1,17,Village
3449,1,162,1,17,Village
3450,1,163,13,17,Village
3451,1,163,13,17,Village
3452,1,163,13,17,Village
3453,1,163,13,17,Village
3454,1,163,13,17,Village
3455,1,163,13,17,Village
3456,1,163,13,17,Village
3457,1,163,13,17,Village
3458,1,163,13,17,Village
3459,1,163,13,17,Village
3460,1,163,13,17,Village
3461,1,163,13,17,Village
3462,1,163,13,17,Village
3463,1,164,1,17,Village
3464,1,164,1,17,Village
3465,1,164,1,17,Village
3466,1,164,1,17,Village
3467,1,164,1,17,Village
3468,1,164,1,17,Village
3469,1,164,1,17,Village
3470,1,165,1,17,Village
3471,1,165,1,17,Village
3472,1,165,1,17,Village
3473,1,165,1,17,Village
3474,1,165,1,17,Village
3475,1,165,1,17,Village
3476,1,165,1,17,Village
3477,1,166,11,17,Village
3478,1,166,11,17,Village
3479,1,166,11,17,Village
3480,1,166,11,17,Village
3481,1,166,11,17,Village
3482,1,166,11,17,Village
3483,1,166,11,17,Village
3484,1,166,11,17,Village
3485,1,166,11,17,Village
3486,1,166,11,17,Village
3487,1,166,11,17,Village
3488,1,166,11,17,Village
3489,1,166,11,17,Village
3490,1,166,11,17,Village
3491,1,166,11,17,Village
3492,1,167,1,17,Village
3493,1,167,1,17,Village
3494,1,167,1,17,Village
3495,1,167,1,17,Village
3496,1,167,1,17,Village
3497,1,167,1,17,Village
3498,1,167,1,17,Village
3499,1,167,1,17,Village
3500,1,167,1,17,Village
3501,1,167,1,17,Village
3502,1,167,1,17,Village
3503,1,167,1,17,Village
3504,1,167,1,17,Village
3505,1,167,1,17,Village
3506,1,167,1,17,Village
3507,1,167,1,17,Village
3508,1,167,1,17,Village
3509,1,168,1,17,Village
3510,1,168,1,17,Village
3511,1,168,1,17,Village
3512,1,168,1,17,Village
3513,1,168,1,17,Village
3514,1,168,1,17,Village
3515,1,168,1,17,Village
3516,1,168,1,17,Village
3517,1,168,1,17,Village
3518,1,168,1,17,Village
3519,1,169,1,18,Village
3520,1,169,1,18,Village
3521,1,169,1,18,Village
3522,1,169,1,18,Village
3523,1,169,1,18,Village
3524,1,169,1,18,Village
3525,1,169,1,18,Village
3526,1,169,1,18,Village
3527,1,169,1,18,Village
3528,1,169,1,18,Village
3529,1,169,1,18,Village
3530,1,169,1,18,Village
3531,1,169,1,18,Village
3532,1,169,1,18,Village
3533,1,169,1,18,Village
3534,1,169,1,18,Village
3535,1,169,1,18,Village
3536,1,169,1,18,Village
3537,1,169,1,18,Village
3538,1,169,1,18,Village
3539,1,169,1,18,Village
3540,1,169,1,18,Village
3541,1,169,1,18,Village
3542,1,169,1,18,Village
3543,1,169,1,18,Village
3544,1,169,1,18,Village
3545,1,169,1,18,Village
3546,1,169,1,18,Village
3547,1,169,1,18,Village
3548,1,169,1,18,Village
3549,1,169,1,18,Village
3550,1,169,1,18,Village
3551,1,169,1,18,Village
3552,1,169,1,18,Village
3553,1,169,1,18,Village
3554,1,169,1,18,Village
3555,1,169,1,18,Village
3556,1,169,1,18,Village
3557,1,169,1,18,Village
3558,1,169,1,18,Village
3559,1,169,1,18,Village
3560,1,169,1,18,Village
3561,1,169,1,18,Village
3562,1,169,1,18,Village
3563,1,169,1,18,Village
3564,1,170,1,18,Village
3565,1,170,1,18,Village
3566,1,170,1,18,Village
3567,1,170,1,18,Village
3568,1,170,1,18,Village
3569,1,171,1,18,Village
3570,1,171,1,18,Village
3571,1,171,1,18,Village
3572,1,171,1,18,Village
3573,1,171,1,18,Village
3574,1,171,1,18,Village
3575,1,171,1,18,Village
3576,1,171,1,18,Village
3577,1,171,1,18,Village
3578,1,171,1,18,Village
3579,1,171,1,18,Village
3580,1,171,1,18,Village
3581,1,171,1,18,Village
3582,1,172,1,18,Village
3583,1,172,1,18,Village
3584,1,172,1,18,Village
3585,1,172,1,18,Village
3586,1,172,1,18,Village
3587,1,172,1,18,Village
3588,1,172,1,18,Village
3589,1,172,1,18,Village
3590,1,172,1,18,Village
3591,1,172,1,18,Village
3592,1,172,1,18,Village
3593,1,172,1,18,Village
3594,1,172,1,18,Village
3595,1,172,1,18,Village
3596,1,172,1,18,Village
3597,1,173,1,18,Village
3598,1,173,1,18,Village
3599,1,173,1,18,Village
3600,1,173,1,18,Village
3601,1,173,1,18,Village
3602,1,173,1,18,Village
3603,1,173,1,18,Village
3604,1,174,1,19,Village
3605,1,174,1,19,Village
3606,1,174,1,19,Village
3607,1,174,1,19,Village
3608,1,174,1,19,Village
3609,1,174,1,19,Village
3610,1,175,1,19,Village
3611,1,175,1,19,Village
3612,1,175,1,19,Village
3613,1,175,1,19,Village
3614,1,175,1,19,Village
3615,1,176,1,19,Village
3616,1,176,1,19,Village
3617,1,176,1,19,Village
3618,1,176,1,19,Village
3619,1,176,1,19,Village
3620,1,176,1,19,Village
3621,1,177,1,19,Village
3622,1,177,1,19,Village
3623,1,177,1,19,Village
3624,1,177,1,19,Village
3625,1,177,1,19,Village
3626,1,178,1,19,Village
3627,1,178,1,19,Village
3628,1,178,1,19,Village
3629,1,178,1,19,Village
3630,1,178,1,19,Village
3631,1,178,1,19,Village
3632,1,178,1,19,Village
3633,1,178,1,19,Village
3634,1,178,1,19,Village
3635,1,178,1,19,Village
3636,1,179,1,19,Village
3637,1,179,1,19,Village
3638,1,179,1,19,Village
3639,1,179,1,19,Village
3640,1,179,1,19,Village
3641,1,179,1,19,Village
3642,1,179,1,19,Village
3643,1,179,1,19,Village
3644,1,180,1,19,Village
3645,1,180,1,19,Village
3646,1,180,1,19,Village
3647,1,180,1,19,Village
3648,1,180,1,19,Village
3649,1,180,1,19,Village
3650,1,180,1,19,Village
3651,1,180,1,19,Village
3652,1,180,1,19,Village
3653,1,180,1,19,Village
3654,1,180,1,19,Village
3655,1,180,1,19,Village
3656,1,181,1,19,Village
3657,1,181,1,19,Village
3658,1,181,1,19,Village
3659,1,181,1,19,Village
3660,1,181,1,19,Village
3661,1,181,1,19,Village
3662,1,181,1,19,Village
3663,1,181,1,19,Village
3664,1,181,1,19,Village
3665,1,182,1,19,Village
3666,1,182,1,19,Village
3667,1,182,1,19,Village
3668,1,182,1,19,Village
3669,1,182,1,19,Village
3670,1,183,1,19,Village
3671,1,183,1,19,Village
3672,1,183,1,19,Village
3673,1,183,1,19,Village
3674,1,183,1,19,Village
3675,1,184,1,19,Village
3676,1,184,1,19,Village
3677,1,184,1,19,Village
3678,1,184,1,19,Village
3679,1,184,1,19,Village
3680,1,184,1,19,Village
3681,1,185,1,19,Village
3682,1,185,1,19,Village
3683,1,185,1,19,Village
3684,1,185,1,19,Village
3685,1,185,1,19,Village
3686,1,185,1,19,Village
3687,1,185,1,19,Village
3688,1,185,1,19,Village
3689,1,185,1,19,Village
3690,1,185,1,19,Village
3691,1,186,1,20,Village
3692,1,186,1,20,Village
3693,1,186,1,20,Village
3694,1,186,1,20,Village
3695,1,186,1,20,Village
3696,1,186,1,20,Village
3697,1,186,1,20,Village
3698,1,186,1,20,Village
3699,1,186,1,20,Village
3700,1,186,1,20,Village
3701,1,186,1,20,Village
3702,1,186,1,20,Village
3703,1,187,1,20,Village
3704,1,187,1,20,Village
3705,1,187,1,20,Village
3706,1,187,1,20,Village
3707,1,187,1,20,Village
3708,1,187,1,20,Village
3709,1,187,1,20,Village
3710,1,187,1,20,Village
3711,1,187,1,20,Village
3712,1,187,1,20,Village
3713,1,187,1,20,Village
3714,1,187,1,20,Village
3715,1,187,1,20,Village
3716,1,187,1,20,Village
3717,1,187,1,20,Village
3718,1,187,1,20,Village
3719,1,187,1,20,Village
3720,1,187,1,20,Village
3721,1,187,1,20,Village
3722,1,187,1,20,Village
3723,1,187,1,20,Village
3724,1,187,1,20,Village
3725,1,187,1,20,Village
3726,1,187,1,20,Village
3727,1,187,1,20,Village
3728,1,187,1,20,Village
3729,1,187,1,20,Village
3730,1,187,1,20,Village
3731,1,187,1,20,Village
3732,1,187,1,20,Village
3733,1,187,1,20,Village
3734,1,187,1,20,Village
3735,1,187,1,20,Village
3736,1,187,1,20,Village
3737,1,187,1,20,Village
3738,1,187,1,20,Village
3739,1,187,1,20,Village
3740,1,187,1,20,Village
3741,1,187,1,20,Village
3742,1,187,1,20,Village
3743,1,187,1,20,Village
3744,1,187,1,20,Village
3745,1,187,1,20,Village
3746,1,187,1,20,Village
3747,1,187,1,20,Village
3748,1,187,1,20,Village
3749,1,187,1,20,Village
3750,1,187,1,20,Village
3751,1,187,1,20,Village
3752,1,187,1,20,Village
3753,1,187,1,20,Village
3754,1,187,1,20,Village
3755,1,187,1,20,Village
3756,1,187,1,20,Village
3757,1,187,1,20,Village
3758,1,187,1,20,Village
3759,1,187,1,20,Village
3760,1,187,1,20,Village
3761,1,187,1,20,Village
3762,1,187,1,20,Village
3763,1,187,1,20,Village
3764,1,187,1,20,Village
3765,1,187,1,20,Village
3766,1,187,1,20,Village
3767,1,187,1,20,Village
3768,1,187,1,20,Village
3769,1,187,1,20,Village
3770,1,187,1,20,Village
3771,1,188,1,20,Village
3772,1,188,1,20,Village
3773,1,188,1,20,Village
3774,1,188,1,20,Village
3775,1,188,1,20,Village
3776,1,188,1,20,Village
3777,1,188,1,20,Village
3778,1,188,1,20,Village
3779,1,188,1,20,Village
3780,1,188,1,20,Village
3781,1,188,1,20,Village
3782,1,188,1,20,Village
3783,1,188,1,20,Village
3784,1,188,1,20,Village
3785,1,188,1,20,Village
3786,1,188,1,20,Village
3787,1,188,1,20,Village
3788,1,188,1,20,Village
3789,1,188,1,20,Village
3790,1,188,1,20,Village
3791,1,188,1,20,Village
3792,1,188,1,20,Village
3793,1,188,1,20,Village
3794,1,188,1,20,Village
3795,1,189,1,20,Village
3796,1,189,1,20,Village
3797,1,189,1,20,Village
3798,1,189,1,20,Village
3799,1,189,1,20,Village
3800,1,189,1,20,Village
3801,1,189,1,20,Village
3802,1,189,1,20,Village
3803,1,190,1,20,Village
3804,1,190,1,20,Village
3805,1,190,1,20,Village
3806,1,190,1,20,Village
3807,1,190,1,20,Village
3808,1,190,1,20,Village
3809,1,190,1,20,Village
3810,1,190,1,20,Village
3811,1,190,1,20,Village
3812,1,191,1,20,Village
3813,1,191,1,20,Village
3814,1,191,1,20,Village
3815,1,191,1,20,Village
3816,1,191,1,20,Village
3817,1,191,1,20,Village
3818,1,191,1,20,Village
3819,1,191,1,20,Village
3820,1,191,1,20,Village
3821,1,191,1,20,Village
3822,1,191,1,20,Village
3823,1,192,1,20,Village
3824,1,192,1,20,Village
3825,1,192,1,20,Village
3826,1,192,1,20,Village
3827,1,192,1,20,Village
3828,1,192,1,20,Village
3829,1,192,1,20,Village
3830,1,193,1,20,Village
3831,1,193,1,20,Village
3832,1,193,1,20,Village
3833,1,193,1,20,Village
3834,1,193,1,20,Village
3835,1,193,1,20,Village
3836,1,193,1,20,Village
3837,1,193,1,20,Village
3838,1,194,1,20,Village
3839,1,194,1,20,Village
3840,1,194,1,20,Village
3841,1,194,1,20,Village
3842,1,194,1,20,Village
3843,1,194,1,20,Village
3844,1,195,1,20,Village
3845,1,195,1,20,Village
3846,1,195,1,20,Village
3847,1,195,1,20,Village
3848,1,195,1,20,Village
3849,1,195,1,20,Village
3850,1,195,1,20,Village
3851,1,195,1,20,Village
3852,1,195,1,20,Village
3853,1,195,1,20,Village
3854,1,195,1,20,Village
3855,1,195,1,20,Village
3856,1,196,1,20,Village
3857,1,196,1,20,Village
3858,1,196,1,20,Village
3859,1,196,1,20,Village
3860,1,196,1,20,Village
3861,1,196,1,20,Village
3862,1,196,1,20,Village
3863,1,197,1,20,Village
3864,1,197,1,20,Village
3865,1,197,1,20,Village
3866,1,197,1,20,Village
3867,1,197,1,20,Village
3868,1,197,1,20,Village
3869,1,197,1,20,Village
3870,1,197,1,20,Village
3871,1,197,1,20,Village
3872,1,197,1,20,Village
3873,1,197,1,20,Village
3874,1,197,1,20,Village
3875,1,197,1,20,Village
3876,1,197,1,20,Village
3877,1,197,1,20,Village
3878,1,197,1,20,Village
3879,1,197,1,20,Village
3880,1,197,1,20,Village
3881,1,197,1,20,Village
3882,1,197,1,20,Village
3883,1,197,1,20,Village
3884,1,197,1,20,Village
3885,1,197,1,20,Village
3886,1,197,1,20,Village
3887,1,197,1,20,Village
3888,1,197,1,20,Village
3889,1,197,1,20,Village
3890,1,197,1,20,Village
3891,1,197,1,20,Village
3892,1,197,1,20,Village
3893,1,197,1,20,Village
3894,1,197,1,20,Village
3895,1,197,1,20,Village
3896,1,197,1,20,Village
3897,1,197,1,20,Village
3898,1,197,1,20,Village
3899,1,198,1,20,Village
3900,1,198,1,20,Village
3901,1,198,1,20,Village
3902,1,198,1,20,Village
3903,1,198,1,20,Village
3904,1,198,1,20,Village
3905,1,198,1,20,Village
3906,1,198,1,20,Village
3907,1,198,1,20,Village
3908,1,198,1,20,Village
3909,1,198,1,20,Village
3910,1,198,1,20,Village
3911,1,198,1,20,Village
3912,1,198,1,20,Village
3913,1,198,1,20,Village
3914,1,198,1,20,Village
3915,1,198,1,20,Village
3916,1,198,1,20,Village
3917,1,198,1,20,Village
3918,1,198,1,20,Village
3919,1,198,1,20,Village
3920,1,198,1,20,Village
3921,1,198,1,20,Village
3922,1,198,1,20,Village
3923,1,198,1,20,Village
3924,1,198,1,20,Village
3925,1,198,1,20,Village
3926,1,198,1,20,Village
3927,1,198,1,20,Village
3928,1,198,1,20,Village
3929,1,198,1,20,Village
3930,1,198,1,20,Village
3931,1,198,1,20,Village
3932,1,198,1,20,Village
3933,1,198,1,20,Village
3934,1,198,1,20,Village
3935,1,198,1,20,Village
3936,1,198,1,20,Village
3937,1,198,1,20,Village
3938,1,198,1,20,Village
3939,1,198,1,20,Village
3940,1,198,1,20,Village
3941,1,198,1,20,Village
3942,1,198,1,20,Village
3943,1,198,1,20,Village
3944,1,198,1,20,Village
3945,1,198,1,20,Village
3946,1,198,1,20,Village
3947,1,198,1,20,Village
3948,1,198,1,20,Village
3949,1,198,1,20,Village
3950,1,198,1,20,Village
3951,1,198,1,20,Village
3952,1,198,1,20,Village
3953,1,198,1,20,Village
3954,1,198,1,20,Village
3955,1,198,1,20,Village
3956,1,198,1,20,Village
3957,1,198,1,20,Village
3958,1,198,1,20,Village
3959,1,198,1,20,Village
3960,1,199,1,20,Village
3961,1,199,1,20,Village
3962,1,199,1,20,Village
3963,1,199,1,20,Village
3964,1,199,1,20,Village
3965,1,199,1,20,Village
3966,1,199,1,20,Village
3967,1,199,1,20,Village
3968,1,199,1,20,Village
3969,1,199,1,20,Village
3970,1,199,1,20,Village
3971,1,199,1,20,Village
3972,1,199,1,20,Village
3973,1,199,1,20,Village
3974,1,199,1,20,Village
3975,1,199,1,20,Village
3976,1,200,1,20,Village
3977,1,200,1,20,Village
3978,1,200,1,20,Village
3979,1,200,1,20,Village
3980,1,200,1,20,Village
3981,1,200,1,20,Village
3982,1,201,1,21,Village
3983,1,201,1,21,Village
3984,1,201,1,21,Village
3985,1,201,1,21,Village
3986,1,201,1,21,Village
3987,1,202,14,21,Village
3988,1,202,14,21,Village
3989,1,202,14,21,Village
3990,1,202,14,21,Village
3991,1,202,14,21,Village
3992,1,203,14,21,Village
3993,1,203,14,21,Village
3994,1,203,14,21,Village
3995,1,203,14,21,Village
3996,1,203,14,21,Village
3997,1,203,14,21,Village
3998,1,204,1,21,Village
3999,1,204,1,21,Village
4000,1,204,1,21,Village
4001,1,204,1,21,Village
4002,1,204,1,21,Village
4003,1,204,1,21,Village
4004,1,204,1,21,Village
4005,1,204,1,21,Village
4006,1,204,1,21,Village
4007,1,204,1,21,Village
4008,1,204,1,21,Village
4009,1,204,1,21,Village
4010,1,205,14,21,Village
4011,1,205,14,21,Village
4012,1,205,14,21,Village
4013,1,205,14,21,Village
4014,1,205,14,21,Village
4015,1,205,14,21,Village
4016,1,205,14,21,Village
4017,1,205,14,21,Village
4018,1,205,14,21,Village
4019,1,205,14,21,Village
4020,1,206,14,21,Village
4021,1,206,14,21,Village
4022,1,206,14,21,Village
4023,1,206,14,21,Village
4024,1,206,14,21,Village
4025,1,206,14,21,Village
4026,1,206,14,21,Village
4027,1,206,14,21,Village
4028,1,206,14,21,Village
4029,1,206,14,21,Village
4030,1,206,14,21,Village
4031,1,207,1,21,Village
4032,1,207,1,21,Village
4033,1,207,1,21,Village
4034,1,207,1,21,Village
4035,1,207,1,21,Village
4036,1,207,1,21,Village
4037,1,207,1,21,Village
4038,1,208,1,21,Village
4039,1,208,1,21,Village
4040,1,208,1,21,Village
4041,1,208,1,21,Village
4042,1,208,1,21,Village
4043,1,208,1,21,Village
4044,1,208,1,21,Village
4045,1,208,1,21,Village
1,2,1,1,2,Town
1,3,1,1,3,Town
1,4,1,1,3,Town
1,5,1,1,4,Town
1,6,1,1,4,Town
1,7,1,1,5,Town
1,8,1,1,5,Town
1,9,1,1,6,Town
1,10,1,1,6,Town
1,11,1,1,7,Town
1,12,1,1,7,Town
1,13,1,1,8,Town
1,14,1,1,8,Town
1,15,1,1,9,Town
1,16,1,1,10,Town
1,17,1,1,11,Town
1,18,1,1,11,Town
1,19,1,1,12,Town
1,20,1,1,12,Town
1,21,1,1,13,Town
1,22,1,1,13,Town
1,23,1,1,14,Town
1,24,1,1,14,Town
1,25,1,1,15,Town
1,26,1,1,15,Town
1,27,1,1,16,Town
1,28,1,1,16,Town
1,29,1,1,17,Town
1,30,1,1,17,Town
1,31,1,1,18,Town
1,32,1,1,18,Town
1,33,1,1,19,Town
1,34,1,1,19,Town
1,35,1,1,20,Town
1,36,1,1,20,Town
1,37,1,1,21,Town
1,38,1,1,21,Town
1,1,2,1,2,Gewog
1,1,3,1,2,Gewog
1,1,4,1,2,Gewog
1,1,5,1,2,Gewog
1,1,6,1,3,Gewog
1,1,7,1,3,Gewog
1,1,8,1,3,Gewog
1,1,9,2,3,Gewog
1,1,10,1,3,Gewog
1,1,11,1,3,Gewog
1,1,12,1,3,Gewog
1,1,13,2,3,Gewog
1,1,14,1,3,Gewog
1,1,15,2,3,Gewog
1,1,16,1,3,Gewog
1,1,17,3,4,Gewog
1,1,18,1,4,Gewog
1,1,19,1,4,Gewog
1,1,20,1,4,Gewog
1,1,21,1,4,Gewog
1,1,22,1,4,Gewog
1,1,23,1,4,Gewog
1,1,24,1,4,Gewog
1,1,25,3,4,Gewog
1,1,26,3,4,Gewog
1,1,27,1,4,Gewog
1,1,28,1,4,Gewog
1,1,29,1,4,Gewog
1,1,30,1,4,Gewog
1,1,31,1,5,Gewog
1,1,32,1,5,Gewog
1,1,33,1,5,Gewog
1,1,34,1,5,Gewog
1,1,35,1,6,Gewog
1,1,36,1,6,Gewog
1,1,37,1,6,Gewog
1,1,38,1,6,Gewog
1,1,39,1,6,Gewog
1,1,40,1,6,Gewog
1,1,41,1,7,Gewog
1,1,42,1,7,Gewog
1,1,43,1,7,Gewog
1,1,44,1,7,Gewog
1,1,45,1,7,Gewog
1,1,45,1,2,Gewog
1,1,47,1,7,Gewog
1,1,48,1,7,Gewog
1,1,49,1,8,Gewog
1,1,50,1,8,Gewog
1,1,51,1,8,Gewog
1,1,52,1,8,Gewog
1,1,53,1,8,Gewog
1,1,54,1,8,Gewog
1,1,55,1,8,Gewog
1,1,56,1,8,Gewog
1,1,57,1,8,Gewog
1,1,58,1,8,Gewog
1,1,59,1,8,Gewog
1,1,60,1,8,Gewog
1,1,61,1,8,Gewog
1,1,62,1,8,Gewog
1,1,63,1,8,Gewog
1,1,64,1,8,Gewog
1,1,65,1,8,Gewog
1,1,66,1,9,Gewog
1,1,67,1,9,Gewog
1,1,68,1,9,Gewog
1,1,69,1,9,Gewog
1,1,70,1,9,Gewog
1,1,71,1,9,Gewog
1,1,72,1,9,Gewog
1,1,73,1,9,Gewog
1,1,74,1,9,Gewog
1,1,75,1,9,Gewog
1,1,76,1,10,Gewog
1,1,77,4,10,Gewog
1,1,78,1,10,Gewog
1,1,79,4,10,Gewog
1,1,80,1,10,Gewog
1,1,81,1,10,Gewog
1,1,82,1,10,Gewog
1,1,83,4,10,Gewog
1,1,84,1,10,Gewog
1,1,85,1,10,Gewog
1,1,86,1,10,Gewog
1,1,87,1,11,Gewog
1,1,88,1,11,Gewog
1,1,89,1,11,Gewog
1,1,90,1,11,Gewog
1,1,91,1,11,Gewog
1,1,92,1,11,Gewog
1,1,93,1,11,Gewog
1,1,94,1,11,Gewog
1,1,95,1,11,Gewog
1,1,96,1,11,Gewog
1,1,97,1,11,Gewog
1,1,98,1,11,Gewog
1,1,99,1,12,Gewog
1,1,100,1,12,Gewog
1,1,101,1,12,Gewog
1,1,102,5,12,Gewog
1,1,103,1,12,Gewog
1,1,104,1,12,Gewog
1,1,105,6,12,Gewog
1,1,106,6,12,Gewog
1,1,107,1,12,Gewog
1,1,108,5,12,Gewog
1,1,109,1,12,Gewog
1,1,110,7,13,Gewog
1,1,111,7,13,Gewog
1,1,112,7,13,Gewog
1,1,113,8,13,Gewog
1,1,114,1,13,Gewog
1,1,115,8,13,Gewog
1,1,116,8,13,Gewog
1,1,117,1,13,Gewog
1,1,118,1,13,Gewog
1,1,119,1,13,Gewog
1,1,120,1,13,Gewog
1,1,121,8,13,Gewog
1,1,122,8,13,Gewog
1,1,123,1,13,Gewog
1,1,124,1,13,Gewog
1,1,125,1,14,Gewog
1,1,126,1,14,Gewog
1,1,127,1,14,Gewog
1,1,128,1,14,Gewog
1,1,129,9,14,Gewog
1,1,130,1,14,Gewog
1,1,131,1,14,Gewog
1,1,132,1,14,Gewog
1,1,133,9,14,Gewog
1,1,134,1,14,Gewog
1,1,135,1,14,Gewog
1,1,136,1,14,Gewog
1,1,137,1,15,Gewog
1,1,138,1,15,Gewog
1,1,139,1,15,Gewog
1,1,140,1,15,Gewog
1,1,141,10,15,Gewog
1,1,142,1,15,Gewog
1,1,143,10,15,Gewog
1,1,144,10,15,Gewog
1,1,145,1,15,Gewog
1,1,146,1,16,Gewog
1,1,147,1,16,Gewog
1,1,148,1,16,Gewog
1,1,149,1,16,Gewog
1,1,150,1,16,Gewog
1,1,151,1,16,Gewog
1,1,152,1,16,Gewog
1,1,153,1,16,Gewog
1,1,154,1,17,Gewog
1,1,155,1,17,Gewog
1,1,156,1,17,Gewog
1,1,157,11,17,Gewog
1,1,158,12,17,Gewog
1,1,159,12,17,Gewog
1,1,160,13,17,Gewog
1,1,161,1,17,Gewog
1,1,162,1,17,Gewog
1,1,163,13,17,Gewog
1,1,164,1,17,Gewog
1,1,165,1,17,Gewog
1,1,166,11,17,Gewog
1,1,167,1,17,Gewog
1,1,168,1,17,Gewog
1,1,169,1,18,Gewog
1,1,170,1,18,Gewog
1,1,171,1,18,Gewog
1,1,172,1,18,Gewog
1,1,173,1,18,Gewog
1,1,174,1,19,Gewog
1,1,175,1,19,Gewog
1,1,176,1,19,Gewog
1,1,177,1,19,Gewog
1,1,178,1,19,Gewog
1,1,179,1,19,Gewog
1,1,180,1,19,Gewog
1,1,181,1,19,Gewog
1,1,182,1,19,Gewog
1,1,183,1,19,Gewog
1,1,184,1,19,Gewog
1,1,185,1,19,Gewog
1,1,186,1,20,Gewog
1,1,187,1,20,Gewog
1,1,188,1,20,Gewog
1,1,189,1,20,Gewog
1,1,190,1,20,Gewog
1,1,191,1,20,Gewog
1,1,192,1,20,Gewog
1,1,193,1,20,Gewog
1,1,194,1,20,Gewog
1,1,195,1,20,Gewog
1,1,196,1,20,Gewog
1,1,197,1,20,Gewog
1,1,198,1,20,Gewog
1,1,199,1,20,Gewog
1,1,200,1,20,Gewog
1,1,201,1,21,Gewog
1,1,202,14,21,Gewog
1,1,203,14,21,Gewog
1,1,204,1,21,Gewog
1,1,205,14,21,Gewog
1,1,206,14,21,Gewog
1,1,207,1,21,Gewog
1,1,208,1,21,Gewog
1,1,1,2,3,Drungkhag
1,1,1,3,4,Drungkhag
1,1,1,4,10,Drungkhag
1,1,1,5,12,Drungkhag
1,1,1,6,12,Drungkhag
1,1,1,7,13,Drungkhag
1,1,1,8,13,Drungkhag
1,1,1,9,14,Drungkhag
1,1,1,10,15,Drungkhag
1,1,1,11,17,Drungkhag
1,1,1,12,17,Drungkhag
1,1,1,13,17,Drungkhag
1,1,1,14,21,Drungkhag
1,1,1,1,2,Dzongkhag
1,1,1,1,3,Dzongkhag
1,1,1,1,4,Dzongkhag
1,1,1,1,5,Dzongkhag
1,1,1,1,6,Dzongkhag
1,1,1,1,7,Dzongkhag
1,1,1,1,8,Dzongkhag
1,1,1,1,9,Dzongkhag
1,1,1,1,10,Dzongkhag
1,1,1,1,11,Dzongkhag
1,1,1,1,12,Dzongkhag
1,1,1,1,13,Dzongkhag
1,1,1,1,14,Dzongkhag
1,1,1,1,15,Dzongkhag
1,1,1,1,16,Dzongkhag
1,1,1,1,17,Dzongkhag
1,1,1,1,18,Dzongkhag
1,1,1,1,19,Dzongkhag
1,1,1,1,20,Dzongkhag
1,1,1,1,21,Dzongkhag
4046,1,140,1,15,Village
4047,1,127,1,14,Village
4048,1,137,1,15,Village
4049,1,137,1,15,Village
1,39,1,1,8,Town
1,40,1,1,4,Town
4050,1,137,1,15,Village
4051,1,6,1,3,Village
4052,1,169,1,18,Village
1,41,1,1,21,Town
4053,1,192,1,20,Village
4054,1,151,1,16,Village
1,42,1,1,13,Town
1,43,1,1,15,Town
1,44,1,1,12,Town
4055,1,7,1,3,Village
